unique_id,ds,temp_F
"Chester, PA",2025-12-03 00:00:00,2.8318462
"Chester, PA",2025-12-03 01:00:00,4.319153
"Chester, PA",2025-12-03 02:00:00,4.09111
"Chester, PA",2025-12-03 03:00:00,3.0957804
"Chester, PA",2025-12-03 04:00:00,1.9830914
"Chester, PA",2025-12-03 05:00:00,2.4481902
"Chester, PA",2025-12-03 06:00:00,2.672388
"Chester, PA",2025-12-03 07:00:00,2.4856644
"Chester, PA",2025-12-03 08:00:00,2.261569
"Chester, PA",2025-12-03 09:00:00,3.3586836
"Chester, PA",2025-12-03 10:00:00,5.2902308
"Chester, PA",2025-12-03 11:00:00,4.245116
"Chester, PA",2025-12-03 12:00:00,4.406891
"Chester, PA",2025-12-03 13:00:00,6.0521903
"Chester, PA",2025-12-03 14:00:00,6.427426
"Chester, PA",2025-12-03 15:00:00,5.6309614
"Chester, PA",2025-12-03 16:00:00,3.99639
"Chester, PA",2025-12-03 17:00:00,4.0724344
"Chester, PA",2025-12-03 18:00:00,2.6239219
"Chester, PA",2025-12-03 19:00:00,2.05369
"Chester, PA",2025-12-03 20:00:00,1.4998794
"Chester, PA",2025-12-03 21:00:00,0.51652575
"Chester, PA",2025-12-03 22:00:00,-0.11106682
"Chester, PA",2025-12-03 23:00:00,0.9034624
"Chester, PA",2025-12-04 00:00:00,1.58075
"Chester, PA",2025-12-04 01:00:00,1.1357079
"Chester, PA",2025-12-04 02:00:00,-0.39860535
"Chester, PA",2025-12-04 03:00:00,-1.4044628
"Chester, PA",2025-12-04 04:00:00,-0.36914062
"Chester, PA",2025-12-04 05:00:00,0.75345755
"Chester, PA",2025-12-04 06:00:00,0.6896286
"Chester, PA",2025-12-04 07:00:00,0.62443256
"Chester, PA",2025-12-04 08:00:00,1.9791946
"Chester, PA",2025-12-04 09:00:00,2.9198947
"Chester, PA",2025-12-04 10:00:00,2.8259683
"Chester, PA",2025-12-04 11:00:00,2.8730993
"Chester, PA",2025-12-04 12:00:00,4.3969145
"Chester, PA",2025-12-04 13:00:00,4.481098
"Chester, PA",2025-12-04 14:00:00,3.710231
"Chester, PA",2025-12-04 15:00:00,3.434854
"Chester, PA",2025-12-04 16:00:00,2.2182078
"Chester, PA",2025-12-04 17:00:00,1.7254047
"Chester, PA",2025-12-04 18:00:00,1.0202827
"Chester, PA",2025-12-04 19:00:00,0.4662857
"Chester, PA",2025-12-04 20:00:00,0.6818943
"Chester, PA",2025-12-04 21:00:00,0.82943296
"Chester, PA",2025-12-04 22:00:00,-0.15010643
"Chester, PA",2025-12-04 23:00:00,-0.32206917
"Chester, PA",2025-12-05 00:00:00,-0.916914
"Chester, PA",2025-12-05 01:00:00,0.49059916
"Chester, PA",2025-12-05 02:00:00,-0.11485672
"Chester, PA",2025-12-05 03:00:00,-0.39079285
"Chester, PA",2025-12-05 04:00:00,-0.3544426
"Chester, PA",2025-12-05 05:00:00,-0.39800262
"Chester, PA",2025-12-05 06:00:00,-1.0156984
"Chester, PA",2025-12-05 07:00:00,0.7403331
"Chester, PA",2025-12-05 08:00:00,-0.4394493
"Chester, PA",2025-12-05 09:00:00,1.0743165
"Chester, PA",2025-12-05 10:00:00,2.7132082
"Chester, PA",2025-12-05 11:00:00,2.1219735
"Chester, PA",2025-12-05 12:00:00,2.2984338
"Chester, PA",2025-12-05 13:00:00,4.5573406
"Chester, PA",2025-12-05 14:00:00,2.9974642
"Chester, PA",2025-12-05 15:00:00,4.1769133
"Chester, PA",2025-12-05 16:00:00,1.9406338
"Chester, PA",2025-12-05 17:00:00,1.6416378
"Chester, PA",2025-12-05 18:00:00,1.9837112
"Chester, PA",2025-12-05 19:00:00,-0.5709543
"Chester, PA",2025-12-05 20:00:00,-0.4960251
"Chester, PA",2025-12-05 21:00:00,-0.40610027
"Chester, PA",2025-12-05 22:00:00,-0.35937023
"Chester, PA",2025-12-05 23:00:00,-0.019652843
"Chester, PA",2025-12-06 00:00:00,-0.46976662
"Chester, PA",2025-12-06 01:00:00,-0.5486288
"Chester, PA",2025-12-06 02:00:00,-0.5826349
"Chester, PA",2025-12-06 03:00:00,-0.21020985
"Chester, PA",2025-12-06 04:00:00,-1.1531715
"Chester, PA",2025-12-06 05:00:00,-0.18918467
"Chester, PA",2025-12-06 06:00:00,-0.0079135895
"Chester, PA",2025-12-06 07:00:00,0.5578189
"Chester, PA",2025-12-06 08:00:00,0.2346468
"Chester, PA",2025-12-06 09:00:00,1.065906
"Chester, PA",2025-12-06 10:00:00,2.9011703
"Chester, PA",2025-12-06 11:00:00,3.5017762
"Chester, PA",2025-12-06 12:00:00,3.2845778
"Chester, PA",2025-12-06 13:00:00,3.613501
"Chester, PA",2025-12-06 14:00:00,3.3727345
"Chester, PA",2025-12-06 15:00:00,4.2403502
"Chester, PA",2025-12-06 16:00:00,3.1210585
"Chester, PA",2025-12-06 17:00:00,3.1346912
"Chester, PA",2025-12-06 18:00:00,2.715397
"Chester, PA",2025-12-06 19:00:00,2.2352824
"Chester, PA",2025-12-06 20:00:00,1.2900791
"Chester, PA",2025-12-06 21:00:00,0.6502924
"Chester, PA",2025-12-06 22:00:00,1.8869572
"Chester, PA",2025-12-06 23:00:00,2.0105557
"Chester, PA",2025-12-07 00:00:00,1.0797911
"Chester, PA",2025-12-07 01:00:00,0.96887016
"Chester, PA",2025-12-07 02:00:00,1.4081392
"Chester, PA",2025-12-07 03:00:00,0.22497702
"Chester, PA",2025-12-07 04:00:00,1.5147109
"Chester, PA",2025-12-07 05:00:00,0.94732904
"Chester, PA",2025-12-07 06:00:00,0.76826715
"Chester, PA",2025-12-07 07:00:00,1.9810658
"Chester, PA",2025-12-07 08:00:00,1.259273
"Chester, PA",2025-12-07 09:00:00,3.0234733
"Chester, PA",2025-12-07 10:00:00,4.127822
"Chester, PA",2025-12-07 11:00:00,3.4226656
"Chester, PA",2025-12-07 12:00:00,5.9051285
"Chester, PA",2025-12-07 13:00:00,4.706061
"Chester, PA",2025-12-07 14:00:00,6.0682135
"Chester, PA",2025-12-07 15:00:00,5.4059057
"Chester, PA",2025-12-07 16:00:00,4.9686656
"Chester, PA",2025-12-07 17:00:00,5.181138
"Chester, PA",2025-12-07 18:00:00,4.7674217
"Chester, PA",2025-12-07 19:00:00,2.8947668
"Chester, PA",2025-12-07 20:00:00,2.0316
"Chester, PA",2025-12-07 21:00:00,2.945249
"Chester, PA",2025-12-07 22:00:00,2.9461012
"Chester, PA",2025-12-07 23:00:00,3.5349536
"Chester, PA",2025-12-08 00:00:00,1.4571767
"Chester, PA",2025-12-08 01:00:00,2.6709347
"Chester, PA",2025-12-08 02:00:00,2.4150844
"Chester, PA",2025-12-08 03:00:00,2.831871
"Chester, PA",2025-12-08 04:00:00,3.1948261
"Chester, PA",2025-12-08 05:00:00,2.6702008
"Chester, PA",2025-12-08 06:00:00,3.4945674
"Chester, PA",2025-12-08 07:00:00,2.4921894
"Chester, PA",2025-12-08 08:00:00,4.289296
"Chester, PA",2025-12-08 09:00:00,4.8606687
"Chester, PA",2025-12-08 10:00:00,5.527357
"Chester, PA",2025-12-08 11:00:00,7.3579283
"Chester, PA",2025-12-08 12:00:00,6.802448
"Chester, PA",2025-12-08 13:00:00,6.8268576
"Chester, PA",2025-12-08 14:00:00,6.274727
"Chester, PA",2025-12-08 15:00:00,7.4376307
"Chester, PA",2025-12-08 16:00:00,6.1674757
"Chester, PA",2025-12-08 17:00:00,5.9113913
"Chester, PA",2025-12-08 18:00:00,4.4862494
"Chester, PA",2025-12-08 19:00:00,4.1637874
"Chester, PA",2025-12-08 20:00:00,2.6334705
"Chester, PA",2025-12-08 21:00:00,2.775618
"Chester, PA",2025-12-08 22:00:00,3.880453
"Chester, PA",2025-12-08 23:00:00,3.8159184
"Chester, PA",2025-12-09 00:00:00,2.5557113
"Chester, PA",2025-12-09 01:00:00,2.3977342
"Chester, PA",2025-12-09 02:00:00,3.8164475
"Chester, PA",2025-12-09 03:00:00,1.994813
"Chester, PA",2025-12-09 04:00:00,2.2003212
"Chester, PA",2025-12-09 05:00:00,2.1653905
"Chester, PA",2025-12-09 06:00:00,2.1632605
"Chester, PA",2025-12-09 07:00:00,1.3975368
"Chester, PA",2025-12-09 08:00:00,2.6224813
"Chester, PA",2025-12-09 09:00:00,4.251871
"Chester, PA",2025-12-09 10:00:00,3.3027024
"Chester, PA",2025-12-09 11:00:00,5.3534985
"Chester, PA",2025-12-09 12:00:00,5.363106
"Chester, PA",2025-12-09 13:00:00,6.172293
"Chester, PA",2025-12-09 14:00:00,5.6477103
"Chester, PA",2025-12-09 15:00:00,5.081991
"Chester, PA",2025-12-09 16:00:00,4.005822
"Chester, PA",2025-12-09 17:00:00,4.5411687
"Chester, PA",2025-12-09 18:00:00,3.7201447
"Chester, PA",2025-12-09 19:00:00,2.325838
"Chester, PA",2025-12-09 20:00:00,2.923109
"Chester, PA",2025-12-09 21:00:00,2.8733692
"Chester, PA",2025-12-09 22:00:00,2.0996227
"Chester, PA",2025-12-09 23:00:00,1.4296026
"Chester, PA",2025-12-10 00:00:00,1.3265567
"Chester, PA",2025-12-10 01:00:00,4.66426
"Chester, PA",2025-12-10 02:00:00,2.4088821
"Chester, PA",2025-12-10 03:00:00,1.9346786
"Chester, PA",2025-12-10 04:00:00,1.1858392
"Chester, PA",2025-12-10 05:00:00,2.906094
"Chester, PA",2025-12-10 06:00:00,2.6161475
"Chester, PA",2025-12-10 07:00:00,0.5183315
"Chester, PA",2025-12-10 08:00:00,1.4312911
"Chester, PA",2025-12-10 09:00:00,2.8043618
"Chester, PA",2025-12-10 10:00:00,3.2789187
"Chester, PA",2025-12-10 11:00:00,3.3049421
"Chester, PA",2025-12-10 12:00:00,6.4891186
"Chester, PA",2025-12-10 13:00:00,6.854032
"Chester, PA",2025-12-10 14:00:00,6.569187
"Chester, PA",2025-12-10 15:00:00,7.331331
"Chester, PA",2025-12-10 16:00:00,6.1215367
"Chester, PA",2025-12-10 17:00:00,6.3129315
"Chester, PA",2025-12-10 18:00:00,4.8224173
"Chester, PA",2025-12-10 19:00:00,4.1301117
"Chester, PA",2025-12-10 20:00:00,3.361374
"Chester, PA",2025-12-10 21:00:00,4.5695004
"Chester, PA",2025-12-10 22:00:00,2.7181244
"Chester, PA",2025-12-10 23:00:00,2.4282794
"Chester, PA",2025-12-11 00:00:00,3.0304875
"Chester, PA",2025-12-11 01:00:00,4.207139
"Chester, PA",2025-12-11 02:00:00,2.8147006
"Chester, PA",2025-12-11 03:00:00,3.6965206
"Chester, PA",2025-12-11 04:00:00,3.5355396
"Chester, PA",2025-12-11 05:00:00,4.9999228
"Chester, PA",2025-12-11 06:00:00,3.9866657
"Chester, PA",2025-12-11 07:00:00,4.10623
"Chester, PA",2025-12-11 08:00:00,5.2224116
"Chester, PA",2025-12-11 09:00:00,6.33999
"Chester, PA",2025-12-11 10:00:00,6.826911
"Chester, PA",2025-12-11 11:00:00,7.279652
"Chester, PA",2025-12-11 12:00:00,9.138605
"Chester, PA",2025-12-11 13:00:00,7.9456673
"Chester, PA",2025-12-11 14:00:00,9.018393
"Chester, PA",2025-12-11 15:00:00,6.9716697
"Chester, PA",2025-12-11 16:00:00,7.751566
"Chester, PA",2025-12-11 17:00:00,8.460608
"Chester, PA",2025-12-11 18:00:00,5.8456416
"Chester, PA",2025-12-11 19:00:00,6.0946436
"Chester, PA",2025-12-11 20:00:00,5.8695316
"Chester, PA",2025-12-11 21:00:00,6.0510464
"Chester, PA",2025-12-11 22:00:00,4.371805
"Chester, PA",2025-12-11 23:00:00,5.271242
"Chester, PA",2025-12-12 00:00:00,5.455058
"Chester, PA",2025-12-12 01:00:00,5.585622
"Chester, PA",2025-12-12 02:00:00,4.132348
"Chester, PA",2025-12-12 03:00:00,3.0707297
"Chester, PA",2025-12-12 04:00:00,3.628405
"Chester, PA",2025-12-12 05:00:00,2.8989239
"Chester, PA",2025-12-12 06:00:00,4.41175
"Chester, PA",2025-12-12 07:00:00,4.1824656
"Chester, PA",2025-12-12 08:00:00,4.8817644
"Chester, PA",2025-12-12 09:00:00,4.0207615
"Chester, PA",2025-12-12 10:00:00,6.8187404
"Chester, PA",2025-12-12 11:00:00,7.2795315
"Chester, PA",2025-12-12 12:00:00,7.651839
"Chester, PA",2025-12-12 13:00:00,7.982319
"Chester, PA",2025-12-12 14:00:00,8.445372
"Chester, PA",2025-12-12 15:00:00,7.8400397
"Chester, PA",2025-12-12 16:00:00,6.5971317
"Chester, PA",2025-12-12 17:00:00,6.283133
"Chester, PA",2025-12-12 18:00:00,3.9329996
"Chester, PA",2025-12-12 19:00:00,6.7091365
"Chester, PA",2025-12-12 20:00:00,4.5929375
"Chester, PA",2025-12-12 21:00:00,4.998686
"Chester, PA",2025-12-12 22:00:00,3.6291447
"Chester, PA",2025-12-12 23:00:00,3.908785
"Chester, PA",2025-12-13 00:00:00,3.488577
"Chester, PA",2025-12-13 01:00:00,3.2528248
"Chester, PA",2025-12-13 02:00:00,2.4656749
"Chester, PA",2025-12-13 03:00:00,3.101235
"Chester, PA",2025-12-13 04:00:00,1.531652
"Chester, PA",2025-12-13 05:00:00,2.7129917
"Chester, PA",2025-12-13 06:00:00,2.8529072
"Chester, PA",2025-12-13 07:00:00,2.6068573
"Chester, PA",2025-12-13 08:00:00,3.0653944
"Chester, PA",2025-12-13 09:00:00,4.270056
"Chester, PA",2025-12-13 10:00:00,4.864959
"Chester, PA",2025-12-13 11:00:00,4.638835
"Chester, PA",2025-12-13 12:00:00,5.217951
"Chester, PA",2025-12-13 13:00:00,6.7738504
"Chester, PA",2025-12-13 14:00:00,5.7327404
"Chester, PA",2025-12-13 15:00:00,6.5441656
"Chester, PA",2025-12-13 16:00:00,5.849165
"Chester, PA",2025-12-13 17:00:00,3.4286327
"Chester, PA",2025-12-13 18:00:00,3.8842058
"Chester, PA",2025-12-13 19:00:00,2.9256787
"Chester, PA",2025-12-13 20:00:00,2.9745498
"Chester, PA",2025-12-13 21:00:00,2.1947489
"Chester, PA",2025-12-13 22:00:00,2.3979197
"Chester, PA",2025-12-13 23:00:00,1.8413467
"Chester, PA",2025-12-14 00:00:00,1.5326414
"Chester, PA",2025-12-14 01:00:00,2.0731716
"Chester, PA",2025-12-14 02:00:00,1.8621984
"Chester, PA",2025-12-14 03:00:00,0.6230836
"Chester, PA",2025-12-14 04:00:00,1.3606234
"Chester, PA",2025-12-14 05:00:00,2.1674986
"Chester, PA",2025-12-14 06:00:00,0.6855178
"Chester, PA",2025-12-14 07:00:00,0.95106506
"Chester, PA",2025-12-14 08:00:00,1.991674
"Chester, PA",2025-12-14 09:00:00,2.3319173
"Chester, PA",2025-12-14 10:00:00,2.8997097
"Chester, PA",2025-12-14 11:00:00,2.5852032
"Chester, PA",2025-12-14 12:00:00,4.453148
"Chester, PA",2025-12-14 13:00:00,4.7091885
"Chester, PA",2025-12-14 14:00:00,4.957779
"Chester, PA",2025-12-14 15:00:00,2.6839776
"Chester, PA",2025-12-14 16:00:00,2.5550275
"Chester, PA",2025-12-14 17:00:00,2.1588154
"Chester, PA",2025-12-14 18:00:00,2.551763
"Chester, PA",2025-12-14 19:00:00,1.959928
"Chester, PA",2025-12-14 20:00:00,-0.0351758
"Chester, PA",2025-12-14 21:00:00,0.98802614
"Chester, PA",2025-12-14 22:00:00,-1.021142
"Chester, PA",2025-12-14 23:00:00,-0.52251244
"Chester, PA",2025-12-15 00:00:00,-0.88439846
"Chester, PA",2025-12-15 01:00:00,-0.58659935
"Chester, PA",2025-12-15 02:00:00,-0.017668247
"Chester, PA",2025-12-15 03:00:00,-0.5421963
"Chester, PA",2025-12-15 04:00:00,-1.661869
"Chester, PA",2025-12-15 05:00:00,-0.6376171
"Chester, PA",2025-12-15 06:00:00,-0.527339
"Chester, PA",2025-12-15 07:00:00,0.73711634
"Chester, PA",2025-12-15 08:00:00,-1.1039839
"Chester, PA",2025-12-15 09:00:00,0.80324364
"Chester, PA",2025-12-15 10:00:00,0.72539616
"Chester, PA",2025-12-15 11:00:00,0.95810413
"Chester, PA",2025-12-15 12:00:00,2.7908835
"Chester, PA",2025-12-15 13:00:00,2.1335583
"Chester, PA",2025-12-15 14:00:00,3.5770717
"Chester, PA",2025-12-15 15:00:00,2.6261582
"Chester, PA",2025-12-15 16:00:00,3.0230703
"Chester, PA",2025-12-15 17:00:00,1.1446881
"Chester, PA",2025-12-15 18:00:00,2.2887049
"Chester, PA",2025-12-15 19:00:00,-1.0126743
"Chester, PA",2025-12-15 20:00:00,-0.92959595
"Chester, PA",2025-12-15 21:00:00,-0.57912827
"Chester, PA",2025-12-15 22:00:00,0.691566
"Chester, PA",2025-12-15 23:00:00,-0.5902386
"Chester, PA",2025-12-16 00:00:00,-0.73878765
"Chester, PA",2025-12-16 01:00:00,0.8635392
"Chester, PA",2025-12-16 02:00:00,0.3515067
"Chester, PA",2025-12-16 03:00:00,0.6883335
"Chester, PA",2025-12-16 04:00:00,0.23481083
"Chester, PA",2025-12-16 05:00:00,-0.8529892
"Chester, PA",2025-12-16 06:00:00,0.14172411
"Chester, PA",2025-12-16 07:00:00,-0.9980488
"Chester, PA",2025-12-16 08:00:00,0.6624179
"Chester, PA",2025-12-16 09:00:00,1.1382322
"Chester, PA",2025-12-16 10:00:00,1.4450598
"Chester, PA",2025-12-16 11:00:00,1.8008466
"Chester, PA",2025-12-16 12:00:00,2.4287658
"Chester, PA",2025-12-16 13:00:00,2.9642758
"Chester, PA",2025-12-16 14:00:00,2.892643
"Chester, PA",2025-12-16 15:00:00,3.32302
"Chester, PA",2025-12-16 16:00:00,2.943348
"Chester, PA",2025-12-16 17:00:00,1.4186549
"Chester, PA",2025-12-16 18:00:00,1.9758539
"Chester, PA",2025-12-16 19:00:00,0.25797796
"Chester, PA",2025-12-16 20:00:00,0.33488274
"Chester, PA",2025-12-16 21:00:00,-0.43586826
"Chester, PA",2025-12-16 22:00:00,0.8153305
"Chester, PA",2025-12-16 23:00:00,1.0435376
"Chester, PA",2025-12-17 00:00:00,0.60586643
"Chester, PA",2025-12-17 01:00:00,1.0216379
"Chester, PA",2025-12-17 02:00:00,0.55794764
"Chester, PA",2025-12-17 03:00:00,1.2028632
"Chester, PA",2025-12-17 04:00:00,0.5153904
"Chester, PA",2025-12-17 05:00:00,-0.062572956
"Chester, PA",2025-12-17 06:00:00,-0.08224821
"Chester, PA",2025-12-17 07:00:00,1.4064131
"Chester, PA",2025-12-17 08:00:00,1.4389739
"Chester, PA",2025-12-17 09:00:00,1.1888728
"Chester, PA",2025-12-17 10:00:00,2.833187
"Chester, PA",2025-12-17 11:00:00,3.1406684
"Chester, PA",2025-12-17 12:00:00,3.7839246
"Chester, PA",2025-12-17 13:00:00,4.775526
"Chester, PA",2025-12-17 14:00:00,3.148713
"Chester, PA",2025-12-17 15:00:00,3.8972921
"Chester, PA",2025-12-17 16:00:00,4.654208
"Chester, PA",2025-12-17 17:00:00,3.0005307
"Chester, PA",2025-12-17 18:00:00,2.9248219
"Chester, PA",2025-12-17 19:00:00,1.9005494
"Chester, PA",2025-12-17 20:00:00,0.9281068
"Chester, PA",2025-12-17 21:00:00,0.55662155
"Chester, PA",2025-12-17 22:00:00,-0.40900326
"Chester, PA",2025-12-17 23:00:00,-0.53511906
"Chester, PA",2025-12-18 00:00:00,-0.3596506
"Chester, PA",2025-12-18 01:00:00,1.0379591
"Chester, PA",2025-12-18 02:00:00,-1.1043463
"Chester, PA",2025-12-18 03:00:00,-0.2396617
"Chester, PA",2025-12-18 04:00:00,-0.5022335
"Chester, PA",2025-12-18 05:00:00,-0.63377094
"Chester, PA",2025-12-18 06:00:00,-0.9111767
"Chester, PA",2025-12-18 07:00:00,-0.7145405
"Chester, PA",2025-12-18 08:00:00,-0.124314785
"Chester, PA",2025-12-18 09:00:00,-0.3545456
"Chester, PA",2025-12-18 10:00:00,1.5619969
"Chester, PA",2025-12-18 11:00:00,2.205233
"Chester, PA",2025-12-18 12:00:00,3.088203
"Chester, PA",2025-12-18 13:00:00,3.758602
"Chester, PA",2025-12-18 14:00:00,2.147039
"Chester, PA",2025-12-18 15:00:00,2.092319
"Chester, PA",2025-12-18 16:00:00,0.29883623
"Chester, PA",2025-12-18 17:00:00,0.21815872
"Chester, PA",2025-12-18 18:00:00,0.107646465
"Chester, PA",2025-12-18 19:00:00,-0.660449
"Chester, PA",2025-12-18 20:00:00,0.4964981
"Chester, PA",2025-12-18 21:00:00,-1.6824226
"Chester, PA",2025-12-18 22:00:00,-1.7862196
"Chester, PA",2025-12-18 23:00:00,-1.219779
"Chester, PA",2025-12-19 00:00:00,-1.0213661
"Chester, PA",2025-12-19 01:00:00,-1.2675648
"Chester, PA",2025-12-19 02:00:00,-1.3502378
"Chester, PA",2025-12-19 03:00:00,0.4070983
"Chester, PA",2025-12-19 04:00:00,-2.85386
"Chester, PA",2025-12-19 05:00:00,-1.2851591
"Chester, PA",2025-12-19 06:00:00,-2.0247316
"Chester, PA",2025-12-19 07:00:00,-0.38978863
"Chester, PA",2025-12-19 08:00:00,-0.8028374
"Chester, PA",2025-12-19 09:00:00,0.70471764
"Chester, PA",2025-12-19 10:00:00,1.4221077
"Chester, PA",2025-12-19 11:00:00,2.139565
"Chester, PA",2025-12-19 12:00:00,0.53978825
"Chester, PA",2025-12-19 13:00:00,2.2692494
"Chester, PA",2025-12-19 14:00:00,2.4392848
"Chester, PA",2025-12-19 15:00:00,2.5779223
"Chester, PA",2025-12-19 16:00:00,1.5505939
"Chester, PA",2025-12-19 17:00:00,1.1785903
"Chester, PA",2025-12-19 18:00:00,0.58337736
"Chester, PA",2025-12-19 19:00:00,0.3971858
"Chester, PA",2025-12-19 20:00:00,-1.0484886
"Chester, PA",2025-12-19 21:00:00,-0.5609579
"Chester, PA",2025-12-19 22:00:00,-1.1461039
"Chester, PA",2025-12-19 23:00:00,-1.252224
"Chester, PA",2025-12-20 00:00:00,-1.3305311
"Chester, PA",2025-12-20 01:00:00,-0.21935129
"Chester, PA",2025-12-20 02:00:00,-1.6921482
"Chester, PA",2025-12-20 03:00:00,-1.4169693
"Chester, PA",2025-12-20 04:00:00,-0.012936592
"Chester, PA",2025-12-20 05:00:00,-0.70849514
"Chester, PA",2025-12-20 06:00:00,0.4180684
"Chester, PA",2025-12-20 07:00:00,-0.22918797
"Chester, PA",2025-12-20 08:00:00,0.7230892
"Chester, PA",2025-12-20 09:00:00,0.50255394
"Chester, PA",2025-12-20 10:00:00,2.6021962
"Chester, PA",2025-12-20 11:00:00,2.4383912
"Chester, PA",2025-12-20 12:00:00,3.6735735
"Chester, PA",2025-12-20 13:00:00,3.6552377
"Chester, PA",2025-12-20 14:00:00,2.1808577
"Chester, PA",2025-12-20 15:00:00,2.5969357
"Chester, PA",2025-12-20 16:00:00,2.9155202
"Chester, PA",2025-12-20 17:00:00,2.109785
"Chester, PA",2025-12-20 18:00:00,2.1103287
"Chester, PA",2025-12-20 19:00:00,3.0185623
"Chester, PA",2025-12-20 20:00:00,1.5278025
"Chester, PA",2025-12-20 21:00:00,1.256959
"Chester, PA",2025-12-20 22:00:00,0.68262434
"Chester, PA",2025-12-20 23:00:00,0.6426692
"Chester, PA",2025-12-21 00:00:00,0.48409557
"Chester, PA",2025-12-21 01:00:00,-0.44166565
"Chester, PA",2025-12-21 02:00:00,1.8725095
"Chester, PA",2025-12-21 03:00:00,1.6452842
"Chester, PA",2025-12-21 04:00:00,3.0490174
"Chester, PA",2025-12-21 05:00:00,2.2490935
"Chester, PA",2025-12-21 06:00:00,1.9196677
"Chester, PA",2025-12-21 07:00:00,2.063912
"Chester, PA",2025-12-21 08:00:00,3.2423172
"Chester, PA",2025-12-21 09:00:00,1.2628512
"Chester, PA",2025-12-21 10:00:00,4.7030997
"Chester, PA",2025-12-21 11:00:00,4.7586527
"Chester, PA",2025-12-21 12:00:00,5.7754602
"Chester, PA",2025-12-21 13:00:00,5.6001287
"Chester, PA",2025-12-21 14:00:00,6.801842
"Chester, PA",2025-12-21 15:00:00,4.7823057
"Chester, PA",2025-12-21 16:00:00,4.893904
"Chester, PA",2025-12-21 17:00:00,5.3760443
"Chester, PA",2025-12-21 18:00:00,4.3873377
"Chester, PA",2025-12-21 19:00:00,3.9120073
"Chester, PA",2025-12-21 20:00:00,3.1177258
"Chester, PA",2025-12-21 21:00:00,3.3553262
"Chester, PA",2025-12-21 22:00:00,3.4603152
"Chester, PA",2025-12-21 23:00:00,3.551705
"Chester, PA",2025-12-22 00:00:00,2.3708744
"Chester, PA",2025-12-22 01:00:00,3.570847
"Chester, PA",2025-12-22 02:00:00,1.5593824
"Chester, PA",2025-12-22 03:00:00,1.4135709
"Chester, PA",2025-12-22 04:00:00,1.1706562
"Chester, PA",2025-12-22 05:00:00,2.396113
"Chester, PA",2025-12-22 06:00:00,-0.16386509
"Chester, PA",2025-12-22 07:00:00,2.4458776
"Chester, PA",2025-12-22 08:00:00,2.149417
"Chester, PA",2025-12-22 09:00:00,3.8968918
"Chester, PA",2025-12-22 10:00:00,5.1064906
"Chester, PA",2025-12-22 11:00:00,5.0104456
"Chester, PA",2025-12-22 12:00:00,6.367443
"Chester, PA",2025-12-22 13:00:00,6.872633
"Chester, PA",2025-12-22 14:00:00,6.302448
"Chester, PA",2025-12-22 15:00:00,7.13544
"Chester, PA",2025-12-22 16:00:00,5.006993
"Chester, PA",2025-12-22 17:00:00,4.415512
"Chester, PA",2025-12-22 18:00:00,2.6032414
"Chester, PA",2025-12-22 19:00:00,2.216423
"Chester, PA",2025-12-22 20:00:00,3.0683117
"Chester, PA",2025-12-22 21:00:00,4.2801094
"Chester, PA",2025-12-22 22:00:00,1.7587228
"Chester, PA",2025-12-22 23:00:00,1.8341947
"Chester, PA",2025-12-23 00:00:00,2.3176055
"Chester, PA",2025-12-23 01:00:00,2.700282
"Chester, PA",2025-12-23 02:00:00,2.5656786
"Chester, PA",2025-12-23 03:00:00,2.7021956
"Chester, PA",2025-12-23 04:00:00,2.7706194
"Chester, PA",2025-12-23 05:00:00,-0.42036152
"Chester, PA",2025-12-23 06:00:00,1.8802724
"Chester, PA",2025-12-23 07:00:00,1.5485806
"Chester, PA",2025-12-23 08:00:00,1.1841688
"Chester, PA",2025-12-23 09:00:00,5.9941096
"Chester, PA",2025-12-23 10:00:00,3.8145592
"Chester, PA",2025-12-23 11:00:00,6.3219695
"Chester, PA",2025-12-23 12:00:00,6.3434477
"Chester, PA",2025-12-23 13:00:00,7.128619
"Chester, PA",2025-12-23 14:00:00,7.109565
"Chester, PA",2025-12-23 15:00:00,6.64422
"Chester, PA",2025-12-23 16:00:00,7.388939
"Chester, PA",2025-12-23 17:00:00,5.718858
"Chester, PA",2025-12-23 18:00:00,5.597741
"Chester, PA",2025-12-23 19:00:00,4.1793323
"Chester, PA",2025-12-23 20:00:00,4.791559
"Chester, PA",2025-12-23 21:00:00,3.5955095
"Chester, PA",2025-12-23 22:00:00,2.3641815
"Chester, PA",2025-12-23 23:00:00,4.8409204
"Chester, PA",2025-12-24 00:00:00,3.3218322
"Chester, PA",2025-12-24 01:00:00,2.434475
"Chester, PA",2025-12-24 02:00:00,4.400172
"Chester, PA",2025-12-24 03:00:00,2.520956
"Chester, PA",2025-12-24 04:00:00,1.0488563
"Chester, PA",2025-12-24 05:00:00,0.58103085
"Chester, PA",2025-12-24 06:00:00,2.1546588
"Chester, PA",2025-12-24 07:00:00,2.8362331
"Chester, PA",2025-12-24 08:00:00,3.2460175
"Chester, PA",2025-12-24 09:00:00,3.5861816
"Chester, PA",2025-12-24 10:00:00,4.6305404
"Chester, PA",2025-12-24 11:00:00,6.706634
"Chester, PA",2025-12-24 12:00:00,6.245092
"Chester, PA",2025-12-24 13:00:00,7.4889917
"Chester, PA",2025-12-24 14:00:00,5.6366415
"Chester, PA",2025-12-24 15:00:00,6.102358
"Chester, PA",2025-12-24 16:00:00,5.672221
"Chester, PA",2025-12-24 17:00:00,4.4756794
"Chester, PA",2025-12-24 18:00:00,3.8137038
"Chester, PA",2025-12-24 19:00:00,4.94601
"Chester, PA",2025-12-24 20:00:00,1.9582901
"Chester, PA",2025-12-24 21:00:00,1.883359
"Chester, PA",2025-12-24 22:00:00,2.1118698
"Chester, PA",2025-12-24 23:00:00,0.1598382
"Chester, PA",2025-12-25 00:00:00,1.0734096
"Chester, PA",2025-12-25 01:00:00,2.6893716
"Chester, PA",2025-12-25 02:00:00,1.9432402
"Chester, PA",2025-12-25 03:00:00,1.9778028
"Chester, PA",2025-12-25 04:00:00,0.42606497
"Chester, PA",2025-12-25 05:00:00,-1.6502638
"Chester, PA",2025-12-25 06:00:00,0.5409188
"Chester, PA",2025-12-25 07:00:00,0.7146077
"Chester, PA",2025-12-25 08:00:00,1.4798579
"Chester, PA",2025-12-25 09:00:00,3.490672
"Chester, PA",2025-12-25 10:00:00,3.67528
"Chester, PA",2025-12-25 11:00:00,3.7575686
"Chester, PA",2025-12-25 12:00:00,4.7043676
"Chester, PA",2025-12-25 13:00:00,4.4878707
"Chester, PA",2025-12-25 14:00:00,4.2337675
"Chester, PA",2025-12-25 15:00:00,5.165329
"Chester, PA",2025-12-25 16:00:00,3.9827526
"Chester, PA",2025-12-25 17:00:00,4.486263
"Chester, PA",2025-12-25 18:00:00,2.5031743
"Chester, PA",2025-12-25 19:00:00,1.8989601
"Chester, PA",2025-12-25 20:00:00,2.2927694
"Chester, PA",2025-12-25 21:00:00,0.93227005
"Chester, PA",2025-12-25 22:00:00,1.1777501
"Chester, PA",2025-12-25 23:00:00,2.3674407
"Chester, PA",2025-12-26 00:00:00,1.30123
"Chester, PA",2025-12-26 01:00:00,1.8711
"Chester, PA",2025-12-26 02:00:00,0.95123243
"Chester, PA",2025-12-26 03:00:00,2.4767065
"Chester, PA",2025-12-26 04:00:00,1.2298899
"Chester, PA",2025-12-26 05:00:00,0.8017435
"Chester, PA",2025-12-26 06:00:00,1.2958293
"Chester, PA",2025-12-26 07:00:00,0.8136234
"Chester, PA",2025-12-26 08:00:00,3.873716
"Chester, PA",2025-12-26 09:00:00,3.5579004
"Chester, PA",2025-12-26 10:00:00,3.8191662
"Chester, PA",2025-12-26 11:00:00,5.455873
"Chester, PA",2025-12-26 12:00:00,7.0421033
"Chester, PA",2025-12-26 13:00:00,5.2163963
"Chester, PA",2025-12-26 14:00:00,6.1588473
"Chester, PA",2025-12-26 15:00:00,6.0092106
"Chester, PA",2025-12-26 16:00:00,4.8754168
"Chester, PA",2025-12-26 17:00:00,4.791314
"Chester, PA",2025-12-26 18:00:00,4.8328185
"Chester, PA",2025-12-26 19:00:00,2.8392758
"Chester, PA",2025-12-26 20:00:00,3.207985
"Chester, PA",2025-12-26 21:00:00,3.4562187
"Chester, PA",2025-12-26 22:00:00,4.32872
"Chester, PA",2025-12-26 23:00:00,2.8753343
"Chester, PA",2025-12-27 00:00:00,2.9207711
"Chester, PA",2025-12-27 01:00:00,4.0058813
"Chester, PA",2025-12-27 02:00:00,2.4208221
"Chester, PA",2025-12-27 03:00:00,2.4769006
"Chester, PA",2025-12-27 04:00:00,2.6706057
"Chester, PA",2025-12-27 05:00:00,2.6579347
"Chester, PA",2025-12-27 06:00:00,3.4594975
"Chester, PA",2025-12-27 07:00:00,5.615263
"Chester, PA",2025-12-27 08:00:00,4.762847
"Chester, PA",2025-12-27 09:00:00,5.1466274
"Chester, PA",2025-12-27 10:00:00,4.5075445
"Chester, PA",2025-12-27 11:00:00,7.8219204
"Chester, PA",2025-12-27 12:00:00,6.6073046
"Chester, PA",2025-12-27 13:00:00,7.1497154
"Chester, PA",2025-12-27 14:00:00,7.446247
"Chester, PA",2025-12-27 15:00:00,8.133132
"Chester, PA",2025-12-27 16:00:00,7.936993
"Chester, PA",2025-12-27 17:00:00,6.4371033
"Chester, PA",2025-12-27 18:00:00,6.251928
"Chester, PA",2025-12-27 19:00:00,4.3503976
"Chester, PA",2025-12-27 20:00:00,3.7398002
"Chester, PA",2025-12-27 21:00:00,4.9992867
"Chester, PA",2025-12-27 22:00:00,4.820415
"Chester, PA",2025-12-27 23:00:00,3.2730403
"Chester, PA",2025-12-28 00:00:00,4.4114637
"Chester, PA",2025-12-28 01:00:00,4.3173103
"Chester, PA",2025-12-28 02:00:00,3.9739482
"Chester, PA",2025-12-28 03:00:00,3.8451877
"Chester, PA",2025-12-28 04:00:00,3.817502
"Chester, PA",2025-12-28 05:00:00,3.2178006
"Chester, PA",2025-12-28 06:00:00,2.2089891
"Chester, PA",2025-12-28 07:00:00,4.2331696
"Chester, PA",2025-12-28 08:00:00,4.679734
"Chester, PA",2025-12-28 09:00:00,6.1843762
"Chester, PA",2025-12-28 10:00:00,5.210351
"Chester, PA",2025-12-28 11:00:00,6.135888
"Chester, PA",2025-12-28 12:00:00,7.553641
"Chester, PA",2025-12-28 13:00:00,6.970196
"Chester, PA",2025-12-28 14:00:00,8.079057
"Chester, PA",2025-12-28 15:00:00,7.591189
"Chester, PA",2025-12-28 16:00:00,6.8212566
"Chester, PA",2025-12-28 17:00:00,7.575367
"Chester, PA",2025-12-28 18:00:00,5.827376
"Chester, PA",2025-12-28 19:00:00,6.137831
"Chester, PA",2025-12-28 20:00:00,5.557596
"Chester, PA",2025-12-28 21:00:00,4.1183453
"Chester, PA",2025-12-28 22:00:00,3.2731776
"Chester, PA",2025-12-28 23:00:00,4.4668794
"Chester, PA",2025-12-29 00:00:00,3.0852885
"Chester, PA",2025-12-29 01:00:00,3.2246451
"Chester, PA",2025-12-29 02:00:00,3.5999508
"Chester, PA",2025-12-29 03:00:00,1.584907
"Chester, PA",2025-12-29 04:00:00,2.635933
"Chester, PA",2025-12-29 05:00:00,2.9132266
"Chester, PA",2025-12-29 06:00:00,3.4457026
"Chester, PA",2025-12-29 07:00:00,3.9160733
"Chester, PA",2025-12-29 08:00:00,5.1215725
"Chester, PA",2025-12-29 09:00:00,4.961474
"Chester, PA",2025-12-29 10:00:00,6.576454
"Chester, PA",2025-12-29 11:00:00,6.863076
"Chester, PA",2025-12-29 12:00:00,6.806513
"Chester, PA",2025-12-29 13:00:00,8.575851
"Chester, PA",2025-12-29 14:00:00,7.721905
"Chester, PA",2025-12-29 15:00:00,6.732223
"Chester, PA",2025-12-29 16:00:00,7.870272
"Chester, PA",2025-12-29 17:00:00,5.29761
"Chester, PA",2025-12-29 18:00:00,5.2771587
"Chester, PA",2025-12-29 19:00:00,5.2355413
"Chester, PA",2025-12-29 20:00:00,3.566599
"Chester, PA",2025-12-29 21:00:00,3.1407218
"Chester, PA",2025-12-29 22:00:00,2.908938
"Chester, PA",2025-12-29 23:00:00,1.3216705
"Chester, PA",2025-12-30 00:00:00,1.77251
"Chester, PA",2025-12-30 01:00:00,1.0342011
"Chester, PA",2025-12-30 02:00:00,2.1328082
"Chester, PA",2025-12-30 03:00:00,0.53128004
"Chester, PA",2025-12-30 04:00:00,0.36664104
"Chester, PA",2025-12-30 05:00:00,0.2256751
"Chester, PA",2025-12-30 06:00:00,0.9999075
"Chester, PA",2025-12-30 07:00:00,1.0330467
"Chester, PA",2025-12-30 08:00:00,1.959969
"Chester, PA",2025-12-30 09:00:00,2.86312
"Chester, PA",2025-12-30 10:00:00,3.5158143
"Chester, PA",2025-12-30 11:00:00,4.0075464
"Chester, PA",2025-12-30 12:00:00,5.155815
"Chester, PA",2025-12-30 13:00:00,3.4951982
"Chester, PA",2025-12-30 14:00:00,4.8596363
"Chester, PA",2025-12-30 15:00:00,3.7781508
"Chester, PA",2025-12-30 16:00:00,3.3487916
"Chester, PA",2025-12-30 17:00:00,2.8262463
"Chester, PA",2025-12-30 18:00:00,0.9032397
"Chester, PA",2025-12-30 19:00:00,-0.07411432
"Chester, PA",2025-12-30 20:00:00,1.2660856
"Chester, PA",2025-12-30 21:00:00,1.5911489
"Chester, PA",2025-12-30 22:00:00,-0.49351788
"Chester, PA",2025-12-30 23:00:00,-0.35055256
"Chester, PA",2025-12-31 00:00:00,0.2129159
"Chester, PA",2025-12-31 01:00:00,-0.24817657
"Chester, PA",2025-12-31 02:00:00,-2.0064983
"Chester, PA",2025-12-31 03:00:00,-0.81489563
"Chester, PA",2025-12-31 04:00:00,-0.02046585
"Chester, PA",2025-12-31 05:00:00,-0.47586918
"Chester, PA",2025-12-31 06:00:00,-0.85484886
"Chester, PA",2025-12-31 07:00:00,-1.2075825
"Chester, PA",2025-12-31 08:00:00,0.28595972
"Chester, PA",2025-12-31 09:00:00,0.86668015
"Chester, PA",2025-12-31 10:00:00,1.5023513
"Chester, PA",2025-12-31 11:00:00,1.8877625
"Chester, PA",2025-12-31 12:00:00,2.3455024
"Chester, PA",2025-12-31 13:00:00,3.103706
"Chester, PA",2025-12-31 14:00:00,2.7463799
"Chester, PA",2025-12-31 15:00:00,4.1534386
"Chester, PA",2025-12-31 16:00:00,4.351121
"Chester, PA",2025-12-31 17:00:00,2.2537084
"Chester, PA",2025-12-31 18:00:00,2.0915394
"Chester, PA",2025-12-31 19:00:00,1.9840617
"Chester, PA",2025-12-31 20:00:00,1.8454137
"Chester, PA",2025-12-31 21:00:00,1.6994548
"Chester, PA",2025-12-31 22:00:00,0.81384563
"Chester, PA",2025-12-31 23:00:00,1.9830503
"Chester, PA",2026-01-01 00:00:00,0.8074579
"Chester, PA",2026-01-01 01:00:00,1.3395176
"Chester, PA",2026-01-01 02:00:00,1.5731401
"Chester, PA",2026-01-01 03:00:00,2.905736
"Chester, PA",2026-01-01 04:00:00,1.8250699
"Chester, PA",2026-01-01 05:00:00,1.2901654
"Chester, PA",2026-01-01 06:00:00,-0.14271688
"Chester, PA",2026-01-01 07:00:00,0.5183654
"Chester, PA",2026-01-01 08:00:00,1.916379
"Chester, PA",2026-01-01 09:00:00,1.8273702
"Chester, PA",2026-01-01 10:00:00,2.6348171
"Chester, PA",2026-01-01 11:00:00,5.387725
"Chester, PA",2026-01-01 12:00:00,4.9783487
"Chester, PA",2026-01-01 13:00:00,5.077347
"Chester, PA",2026-01-01 14:00:00,5.3392916
"Chester, PA",2026-01-01 15:00:00,5.224946
"Chester, PA",2026-01-01 16:00:00,6.02759
"Chester, PA",2026-01-01 17:00:00,5.171032
"Chester, PA",2026-01-01 18:00:00,5.6795607
"Chester, PA",2026-01-01 19:00:00,3.321188
"Chester, PA",2026-01-01 20:00:00,4.373597
"Chester, PA",2026-01-01 21:00:00,3.7640123
"Chester, PA",2026-01-01 22:00:00,3.2210479
"Chester, PA",2026-01-01 23:00:00,6.083127
"Chester, PA",2026-01-02 00:00:00,3.01397
"Chester, PA",2026-01-02 01:00:00,2.8661165
"Chester, PA",2026-01-02 02:00:00,4.389776
"Chester, PA",2026-01-02 03:00:00,4.1393533
"Chester, PA",2026-01-02 04:00:00,3.0454865
"Chester, PA",2026-01-02 05:00:00,3.423644
"Chester, PA",2026-01-02 06:00:00,1.8483124
"Chester, PA",2026-01-02 07:00:00,3.129178
"Chester, PA",2026-01-02 08:00:00,4.3406687
"Chester, PA",2026-01-02 09:00:00,4.953046
"Chester, PA",2026-01-02 10:00:00,5.9643645
"Chester, PA",2026-01-02 11:00:00,6.2391653
"Chester, PA",2026-01-02 12:00:00,7.9075007
"Chester, PA",2026-01-02 13:00:00,7.6526337
"Chester, PA",2026-01-02 14:00:00,8.444363
"Chester, PA",2026-01-02 15:00:00,7.3523498
"Chester, PA",2026-01-02 16:00:00,7.631965
"Chester, PA",2026-01-02 17:00:00,6.608843
"Chester, PA",2026-01-02 18:00:00,5.9240265
"Chester, PA",2026-01-02 19:00:00,6.7869363
"Chester, PA",2026-01-02 20:00:00,6.5097275
"Chester, PA",2026-01-02 21:00:00,5.528187
"Chester, PA",2026-01-02 22:00:00,4.603653
"Chester, PA",2026-01-02 23:00:00,5.3643627
"Chester, PA",2026-01-03 00:00:00,4.9738545
"Chester, PA",2026-01-03 01:00:00,6.414744
"Chester, PA",2026-01-03 02:00:00,5.7102213
"Chester, PA",2026-01-03 03:00:00,7.4375687
"Chester, PA",2026-01-03 04:00:00,3.9236023
"Chester, PA",2026-01-03 05:00:00,5.4055357
"Chester, PA",2026-01-03 06:00:00,7.2636294
"Chester, PA",2026-01-03 07:00:00,5.215007
"Chester, PA",2026-01-03 08:00:00,6.638092
"Chester, PA",2026-01-03 09:00:00,5.882656
"Chester, PA",2026-01-03 10:00:00,7.789678
"Chester, PA",2026-01-03 11:00:00,6.839593
"Chester, PA",2026-01-03 12:00:00,7.4607
"Chester, PA",2026-01-03 13:00:00,9.661113
"Chester, PA",2026-01-03 14:00:00,9.162813
"Chester, PA",2026-01-03 15:00:00,9.718997
"Chester, PA",2026-01-03 16:00:00,9.578375
"Chester, PA",2026-01-03 17:00:00,7.7594786
"Chester, PA",2026-01-03 18:00:00,8.144031
"Chester, PA",2026-01-03 19:00:00,5.9498415
"Chester, PA",2026-01-03 20:00:00,7.857411
"Chester, PA",2026-01-03 21:00:00,6.4048066
"Chester, PA",2026-01-03 22:00:00,6.9455104
"Chester, PA",2026-01-03 23:00:00,5.9992676
"Chester, PA",2026-01-04 00:00:00,6.389914
"Chester, PA",2026-01-04 01:00:00,4.774881
"Chester, PA",2026-01-04 02:00:00,5.642165
"Chester, PA",2026-01-04 03:00:00,4.916768
"Chester, PA",2026-01-04 04:00:00,5.335102
"Chester, PA",2026-01-04 05:00:00,5.05778
"Chester, PA",2026-01-04 06:00:00,4.400943
"Chester, PA",2026-01-04 07:00:00,6.361377
"Chester, PA",2026-01-04 08:00:00,4.307245
"Chester, PA",2026-01-04 09:00:00,7.0849833
"Chester, PA",2026-01-04 10:00:00,7.9815936
"Chester, PA",2026-01-04 11:00:00,9.566601
"Chester, PA",2026-01-04 12:00:00,9.105343
"Chester, PA",2026-01-04 13:00:00,9.710635
"Chester, PA",2026-01-04 14:00:00,8.352603
"Chester, PA",2026-01-04 15:00:00,10.827136
"Chester, PA",2026-01-04 16:00:00,9.966654
"Chester, PA",2026-01-04 17:00:00,9.360716
"Chester, PA",2026-01-04 18:00:00,7.8219094
"Chester, PA",2026-01-04 19:00:00,7.639476
"Chester, PA",2026-01-04 20:00:00,5.92629
"Chester, PA",2026-01-04 21:00:00,5.966555
"Chester, PA",2026-01-04 22:00:00,6.285848
"Chester, PA",2026-01-04 23:00:00,6.700458
"Chester, PA",2026-01-05 00:00:00,8.259569
"Chester, PA",2026-01-05 01:00:00,6.9075956
"Chester, PA",2026-01-05 02:00:00,7.604067
"Chester, PA",2026-01-05 03:00:00,5.426666
"Chester, PA",2026-01-05 04:00:00,6.543772
"Chester, PA",2026-01-05 05:00:00,6.0141397
"Chester, PA",2026-01-05 06:00:00,5.525323
"Chester, PA",2026-01-05 07:00:00,6.155277
"Chester, PA",2026-01-05 08:00:00,6.111499
"Chester, PA",2026-01-05 09:00:00,7.028984
"Chester, PA",2026-01-05 10:00:00,7.128728
"Chester, PA",2026-01-05 11:00:00,10.958877
"Chester, PA",2026-01-05 12:00:00,9.353273
"Chester, PA",2026-01-05 13:00:00,9.243132
"Chester, PA",2026-01-05 14:00:00,10.737175
"Chester, PA",2026-01-05 15:00:00,8.701399
"Chester, PA",2026-01-05 16:00:00,8.7081375
"Chester, PA",2026-01-05 17:00:00,9.097472
"Chester, PA",2026-01-05 18:00:00,6.508007
"Chester, PA",2026-01-05 19:00:00,5.9914336
"Chester, PA",2026-01-05 20:00:00,6.4583263
"Chester, PA",2026-01-05 21:00:00,5.323445
"Chester, PA",2026-01-05 22:00:00,7.657864
"Chester, PA",2026-01-05 23:00:00,5.611632
"Chester, PA",2026-01-06 00:00:00,5.4402566
"Chester, PA",2026-01-06 01:00:00,4.8020864
"Chester, PA",2026-01-06 02:00:00,5.608618
"Chester, PA",2026-01-06 03:00:00,4.4715343
"Chester, PA",2026-01-06 04:00:00,5.3593473
"Chester, PA",2026-01-06 05:00:00,5.488122
"Chester, PA",2026-01-06 06:00:00,5.2676225
"Chester, PA",2026-01-06 07:00:00,6.1063066
"Chester, PA",2026-01-06 08:00:00,5.906488
"Chester, PA",2026-01-06 09:00:00,7.473932
"Chester, PA",2026-01-06 10:00:00,8.151419
"Chester, PA",2026-01-06 11:00:00,8.2667885
"Chester, PA",2026-01-06 12:00:00,8.09806
"Chester, PA",2026-01-06 13:00:00,7.3691754
"Chester, PA",2026-01-06 14:00:00,9.29406
"Chester, PA",2026-01-06 15:00:00,8.958176
"Chester, PA",2026-01-06 16:00:00,8.821706
"Chester, PA",2026-01-06 17:00:00,8.491648
"Chester, PA",2026-01-06 18:00:00,6.945706
"Chester, PA",2026-01-06 19:00:00,5.2611156
"Chester, PA",2026-01-06 20:00:00,4.264372
"Chester, PA",2026-01-06 21:00:00,5.6552463
"Chester, PA",2026-01-06 22:00:00,4.2891016
"Chester, PA",2026-01-06 23:00:00,5.2598143
"Chester, PA",2026-01-07 00:00:00,5.1902075
"Chester, PA",2026-01-07 01:00:00,5.495782
"Chester, PA",2026-01-07 02:00:00,4.3043737
"Chester, PA",2026-01-07 03:00:00,4.01608
"Chester, PA",2026-01-07 04:00:00,1.6496072
"Chester, PA",2026-01-07 05:00:00,1.3579416
"Chester, PA",2026-01-07 06:00:00,2.5431676
"Chester, PA",2026-01-07 07:00:00,3.6625
"Chester, PA",2026-01-07 08:00:00,4.752535
"Chester, PA",2026-01-07 09:00:00,6.58794
"Chester, PA",2026-01-07 10:00:00,5.580166
"Chester, PA",2026-01-07 11:00:00,6.7387824
"Chester, PA",2026-01-07 12:00:00,7.42549
"Chester, PA",2026-01-07 13:00:00,6.6064405
"Chester, PA",2026-01-07 14:00:00,8.493923
"Chester, PA",2026-01-07 15:00:00,7.3985553
"Chester, PA",2026-01-07 16:00:00,8.8719015
"Chester, PA",2026-01-07 17:00:00,7.3324013
"Chester, PA",2026-01-07 18:00:00,5.7315626
"Chester, PA",2026-01-07 19:00:00,5.592251
"Chester, PA",2026-01-07 20:00:00,5.26169
"Chester, PA",2026-01-07 21:00:00,5.9642963
"Chester, PA",2026-01-07 22:00:00,5.8156695
"Chester, PA",2026-01-07 23:00:00,6.0497756
"Chester, PA",2026-01-08 00:00:00,5.7048364
"Chester, PA",2026-01-08 01:00:00,4.839691
"Chester, PA",2026-01-08 02:00:00,4.469202
"Chester, PA",2026-01-08 03:00:00,3.9311888
"Chester, PA",2026-01-08 04:00:00,4.5730453
"Chester, PA",2026-01-08 05:00:00,4.1925507
"Chester, PA",2026-01-08 06:00:00,5.398075
"Chester, PA",2026-01-08 07:00:00,5.3137264
"Chester, PA",2026-01-08 08:00:00,5.9122667
"Chester, PA",2026-01-08 09:00:00,5.9505515
"Chester, PA",2026-01-08 10:00:00,6.662568
"Chester, PA",2026-01-08 11:00:00,8.373271
"Chester, PA",2026-01-08 12:00:00,8.45971
"Chester, PA",2026-01-08 13:00:00,8.879907
"Chester, PA",2026-01-08 14:00:00,9.105008
"Chester, PA",2026-01-08 15:00:00,7.9444427
"Chester, PA",2026-01-08 16:00:00,9.00982
"Chester, PA",2026-01-08 17:00:00,8.32465
"Chester, PA",2026-01-08 18:00:00,6.9164596
"Chester, PA",2026-01-08 19:00:00,7.8189273
"Chester, PA",2026-01-08 20:00:00,8.263323
"Chester, PA",2026-01-08 21:00:00,6.7495413
"Chester, PA",2026-01-08 22:00:00,5.006507
"Chester, PA",2026-01-08 23:00:00,6.1799464
"Chester, PA",2026-01-09 00:00:00,7.168793
"Chester, PA",2026-01-09 01:00:00,5.9273586
"Chester, PA",2026-01-09 02:00:00,6.6357007
"Chester, PA",2026-01-09 03:00:00,4.669818
"Chester, PA",2026-01-09 04:00:00,5.413307
"Chester, PA",2026-01-09 05:00:00,5.975356
"Chester, PA",2026-01-09 06:00:00,4.1545305
"Chester, PA",2026-01-09 07:00:00,6.196358
"Chester, PA",2026-01-09 08:00:00,7.07973
"Chester, PA",2026-01-09 09:00:00,8.431432
"Chester, PA",2026-01-09 10:00:00,8.254333
"Chester, PA",2026-01-09 11:00:00,10.209258
"Chester, PA",2026-01-09 12:00:00,9.15708
"Chester, PA",2026-01-09 13:00:00,10.070629
"Chester, PA",2026-01-09 14:00:00,9.307923
"Chester, PA",2026-01-09 15:00:00,10.591659
"Chester, PA",2026-01-09 16:00:00,10.1609745
"Chester, PA",2026-01-09 17:00:00,10.506072
"Chester, PA",2026-01-09 18:00:00,7.6276197
"Chester, PA",2026-01-09 19:00:00,8.016949
"Chester, PA",2026-01-09 20:00:00,7.1172
"Chester, PA",2026-01-09 21:00:00,7.5719805
"Chester, PA",2026-01-09 22:00:00,7.9322276
"Chester, PA",2026-01-09 23:00:00,7.3218136
"Chester, PA",2026-01-10 00:00:00,6.45681
"Chester, PA",2026-01-10 01:00:00,6.971274
"Chester, PA",2026-01-10 02:00:00,6.3621235
"Chester, PA",2026-01-10 03:00:00,4.745905
"Chester, PA",2026-01-10 04:00:00,5.4887967
"Chester, PA",2026-01-10 05:00:00,4.9871206
"Chester, PA",2026-01-10 06:00:00,4.902693
"Chester, PA",2026-01-10 07:00:00,3.9833007
"Chester, PA",2026-01-10 08:00:00,6.541431
"Chester, PA",2026-01-10 09:00:00,6.895824
"Chester, PA",2026-01-10 10:00:00,7.350813
"Chester, PA",2026-01-10 11:00:00,6.362753
"Chester, PA",2026-01-10 12:00:00,10.04291
"Chester, PA",2026-01-10 13:00:00,8.03069
"Chester, PA",2026-01-10 14:00:00,9.432007
"Chester, PA",2026-01-10 15:00:00,7.824151
"Chester, PA",2026-01-10 16:00:00,7.8143086
"Chester, PA",2026-01-10 17:00:00,7.8440065
"Chester, PA",2026-01-10 18:00:00,6.921151
"Chester, PA",2026-01-10 19:00:00,4.6644373
"Chester, PA",2026-01-10 20:00:00,5.4857183
"Chester, PA",2026-01-10 21:00:00,5.185814
"Chester, PA",2026-01-10 22:00:00,4.5085983
"Chester, PA",2026-01-10 23:00:00,5.5763297
"Chester, PA",2026-01-11 00:00:00,4.651373
"Chester, PA",2026-01-11 01:00:00,3.6950638
"Chester, PA",2026-01-11 02:00:00,3.6987026
"Chester, PA",2026-01-11 03:00:00,5.895246
"Chester, PA",2026-01-11 04:00:00,4.0285587
"Chester, PA",2026-01-11 05:00:00,2.9747763
"Chester, PA",2026-01-11 06:00:00,4.6508446
"Chester, PA",2026-01-11 07:00:00,4.251381
"Chester, PA",2026-01-11 08:00:00,5.519453
"Chester, PA",2026-01-11 09:00:00,6.2796807
"Chester, PA",2026-01-11 10:00:00,6.1374655
"Chester, PA",2026-01-11 11:00:00,7.6745844
"Chester, PA",2026-01-11 12:00:00,8.6373
"Chester, PA",2026-01-11 13:00:00,7.174581
"Chester, PA",2026-01-11 14:00:00,8.731741
"Chester, PA",2026-01-11 15:00:00,7.738578
"Chester, PA",2026-01-11 16:00:00,8.587327
"Chester, PA",2026-01-11 17:00:00,8.2142935
"Chester, PA",2026-01-11 18:00:00,6.910217
"Chester, PA",2026-01-11 19:00:00,5.8408027
"Chester, PA",2026-01-11 20:00:00,4.9599767
"Chester, PA",2026-01-11 21:00:00,6.579933
"Chester, PA",2026-01-11 22:00:00,6.0859537
"Chester, PA",2026-01-11 23:00:00,4.7349024
"Chester, PA",2026-01-12 00:00:00,4.0902452
"Chester, PA",2026-01-12 01:00:00,3.854879
"Chester, PA",2026-01-12 02:00:00,2.2922473
"Chester, PA",2026-01-12 03:00:00,2.7689204
"Chester, PA",2026-01-12 04:00:00,3.7874656
"Chester, PA",2026-01-12 05:00:00,3.4711738
"Chester, PA",2026-01-12 06:00:00,2.9623742
"Chester, PA",2026-01-12 07:00:00,4.7692747
"Chester, PA",2026-01-12 08:00:00,3.7879593
"Chester, PA",2026-01-12 09:00:00,4.2239275
"Chester, PA",2026-01-12 10:00:00,6.904531
"Chester, PA",2026-01-12 11:00:00,6.4523807
"Chester, PA",2026-01-12 12:00:00,7.184597
"Chester, PA",2026-01-12 13:00:00,7.5423656
"Chester, PA",2026-01-12 14:00:00,8.106712
"Chester, PA",2026-01-12 15:00:00,8.12699
"Chester, PA",2026-01-12 16:00:00,5.8734074
"Chester, PA",2026-01-12 17:00:00,5.9422517
"Chester, PA",2026-01-12 18:00:00,7.0372396
"Chester, PA",2026-01-12 19:00:00,6.268778
"Chester, PA",2026-01-12 20:00:00,5.128832
"Chester, PA",2026-01-12 21:00:00,5.481292
"Chester, PA",2026-01-12 22:00:00,6.797334
"Chester, PA",2026-01-12 23:00:00,4.3194885
"Chester, PA",2026-01-13 00:00:00,5.7704797
"Chester, PA",2026-01-13 01:00:00,5.2968388
"Chester, PA",2026-01-13 02:00:00,4.242591
"Chester, PA",2026-01-13 03:00:00,4.582762
"Chester, PA",2026-01-13 04:00:00,4.706864
"Chester, PA",2026-01-13 05:00:00,2.740366
"Chester, PA",2026-01-13 06:00:00,3.078168
"Chester, PA",2026-01-13 07:00:00,3.305273
"Chester, PA",2026-01-13 08:00:00,5.146106
"Chester, PA",2026-01-13 09:00:00,6.1609645
"Chester, PA",2026-01-13 10:00:00,6.6608467
"Chester, PA",2026-01-13 11:00:00,8.342711
"Chester, PA",2026-01-13 12:00:00,7.2728763
"Chester, PA",2026-01-13 13:00:00,7.595689
"Chester, PA",2026-01-13 14:00:00,8.409296
"Chester, PA",2026-01-13 15:00:00,7.818349
"Chester, PA",2026-01-13 16:00:00,8.610645
"Chester, PA",2026-01-13 17:00:00,8.339577
"Chester, PA",2026-01-13 18:00:00,7.5161533
"Chester, PA",2026-01-13 19:00:00,7.2599444
"Chester, PA",2026-01-13 20:00:00,4.900758
"Chester, PA",2026-01-13 21:00:00,6.428472
"Chester, PA",2026-01-13 22:00:00,6.3796034
"Chester, PA",2026-01-13 23:00:00,5.9719844
"Chester, PA",2026-01-14 00:00:00,8.321834
"Chester, PA",2026-01-14 01:00:00,4.3286715
"Chester, PA",2026-01-14 02:00:00,6.051897
"Chester, PA",2026-01-14 03:00:00,7.032112
"Chester, PA",2026-01-14 04:00:00,4.852686
"Chester, PA",2026-01-14 05:00:00,4.314889
"Chester, PA",2026-01-14 06:00:00,3.845752
"Chester, PA",2026-01-14 07:00:00,5.265191
"Chester, PA",2026-01-14 08:00:00,6.4131637
"Chester, PA",2026-01-14 09:00:00,5.539515
"Chester, PA",2026-01-14 10:00:00,7.4950047
"Chester, PA",2026-01-14 11:00:00,7.1120605
"Chester, PA",2026-01-14 12:00:00,7.199116
"Chester, PA",2026-01-14 13:00:00,9.468296
"Chester, PA",2026-01-14 14:00:00,9.751415
"Chester, PA",2026-01-14 15:00:00,7.4300985
"Chester, PA",2026-01-14 16:00:00,7.1015306
"Chester, PA",2026-01-14 17:00:00,6.960511
"Chester, PA",2026-01-14 18:00:00,7.8040423
"Chester, PA",2026-01-14 19:00:00,7.6492243
"Chester, PA",2026-01-14 20:00:00,5.8005652
"Chester, PA",2026-01-14 21:00:00,6.7848115
"Chester, PA",2026-01-14 22:00:00,7.8857837
"Chester, PA",2026-01-14 23:00:00,6.2829
"Chester, PA",2026-01-15 00:00:00,7.8102903
"Chester, PA",2026-01-15 01:00:00,7.2865143
"Chester, PA",2026-01-15 02:00:00,7.738496
"Chester, PA",2026-01-15 03:00:00,7.334515
"Chester, PA",2026-01-15 04:00:00,6.247489
"Chester, PA",2026-01-15 05:00:00,6.449951
"Chester, PA",2026-01-15 06:00:00,6.3196516
"Chester, PA",2026-01-15 07:00:00,6.774362
"Chester, PA",2026-01-15 08:00:00,7.505931
"Chester, PA",2026-01-15 09:00:00,7.4970636
"Chester, PA",2026-01-15 10:00:00,9.150973
"Chester, PA",2026-01-15 11:00:00,9.079565
"Chester, PA",2026-01-15 12:00:00,9.548181
"Chester, PA",2026-01-15 13:00:00,9.577457
"Chester, PA",2026-01-15 14:00:00,10.109564
"Chester, PA",2026-01-15 15:00:00,10.445609
"Chester, PA",2026-01-15 16:00:00,9.0177765
"Chester, PA",2026-01-15 17:00:00,9.363237
"Chester, PA",2026-01-15 18:00:00,8.742039
"Chester, PA",2026-01-15 19:00:00,7.0968423
"Chester, PA",2026-01-15 20:00:00,7.4336495
"Chester, PA",2026-01-15 21:00:00,7.2447786
"Chester, PA",2026-01-15 22:00:00,7.526365
"Chester, PA",2026-01-15 23:00:00,7.404903
"Chester, PA",2026-01-16 00:00:00,7.5655665
"Chester, PA",2026-01-16 01:00:00,7.0634303
"Chester, PA",2026-01-16 02:00:00,7.9401603
"Chester, PA",2026-01-16 03:00:00,6.2374325
"Chester, PA",2026-01-16 04:00:00,7.130154
"Chester, PA",2026-01-16 05:00:00,8.165458
"Chester, PA",2026-01-16 06:00:00,7.528427
"Chester, PA",2026-01-16 07:00:00,8.400684
"Chester, PA",2026-01-16 08:00:00,8.883796
"Chester, PA",2026-01-16 09:00:00,9.631651
"Chester, PA",2026-01-16 10:00:00,9.822513
"Chester, PA",2026-01-16 11:00:00,11.655869
"Chester, PA",2026-01-16 12:00:00,12.273508
"Chester, PA",2026-01-16 13:00:00,12.354
"Chester, PA",2026-01-16 14:00:00,11.804686
"Chester, PA",2026-01-16 15:00:00,11.180036
"Chester, PA",2026-01-16 16:00:00,12.007033
"Chester, PA",2026-01-16 17:00:00,12.078514
"Chester, PA",2026-01-16 18:00:00,11.716385
"Chester, PA",2026-01-16 19:00:00,10.5438175
"Chester, PA",2026-01-16 20:00:00,9.702989
"Chester, PA",2026-01-16 21:00:00,9.938602
"Chester, PA",2026-01-16 22:00:00,10.350128
"Chester, PA",2026-01-16 23:00:00,9.913911
"Chester, PA",2026-01-17 00:00:00,10.818913
"Chester, PA",2026-01-17 01:00:00,8.774727
"Chester, PA",2026-01-17 02:00:00,8.928472
"Chester, PA",2026-01-17 03:00:00,9.88801
"Chester, PA",2026-01-17 04:00:00,9.706703
"Chester, PA",2026-01-17 05:00:00,8.710923
"Chester, PA",2026-01-17 06:00:00,9.892793
"Chester, PA",2026-01-17 07:00:00,8.092739
"Chester, PA",2026-01-17 08:00:00,8.154887
"Chester, PA",2026-01-17 09:00:00,10.394341
"Chester, PA",2026-01-17 10:00:00,12.274561
"Chester, PA",2026-01-17 11:00:00,10.929224
"Chester, PA",2026-01-17 12:00:00,11.32975
"Chester, PA",2026-01-17 13:00:00,13.20376
"Chester, PA",2026-01-17 14:00:00,12.147304
"Chester, PA",2026-01-17 15:00:00,11.107423
"Chester, PA",2026-01-17 16:00:00,10.75481
"Chester, PA",2026-01-17 17:00:00,10.3822775
"Chester, PA",2026-01-17 18:00:00,10.603045
"Chester, PA",2026-01-17 19:00:00,9.753882
"Chester, PA",2026-01-17 20:00:00,9.300451
"Chester, PA",2026-01-17 21:00:00,8.948585
"Chester, PA",2026-01-17 22:00:00,8.061253
"Chester, PA",2026-01-17 23:00:00,7.5900993
"Chester, PA",2026-01-18 00:00:00,7.7963843
"Chester, PA",2026-01-18 01:00:00,8.106652
"Chester, PA",2026-01-18 02:00:00,7.5765977
"Chester, PA",2026-01-18 03:00:00,6.2201357
"Chester, PA",2026-01-18 04:00:00,5.222656
"Chester, PA",2026-01-18 05:00:00,5.7192764
"Chester, PA",2026-01-18 06:00:00,5.724064
"Chester, PA",2026-01-18 07:00:00,5.390119
"Chester, PA",2026-01-18 08:00:00,5.855834
"Chester, PA",2026-01-18 09:00:00,7.1754193
"Chester, PA",2026-01-18 10:00:00,8.558944
"Chester, PA",2026-01-18 11:00:00,9.68212
"Chester, PA",2026-01-18 12:00:00,8.540587
"Chester, PA",2026-01-18 13:00:00,7.210225
"Chester, PA",2026-01-18 14:00:00,9.575394
"Chester, PA",2026-01-18 15:00:00,8.92225
"Chester, PA",2026-01-18 16:00:00,9.316878
"Chester, PA",2026-01-18 17:00:00,7.3435473
"Chester, PA",2026-01-18 18:00:00,6.171657
"Chester, PA",2026-01-18 19:00:00,6.996526
"Chester, PA",2026-01-18 20:00:00,6.9407253
"Chester, PA",2026-01-18 21:00:00,5.857495
"Chester, PA",2026-01-18 22:00:00,6.869926
"Chester, PA",2026-01-18 23:00:00,6.9157095
"Chester, PA",2026-01-19 00:00:00,4.3967752
"Chester, PA",2026-01-19 01:00:00,3.6159887
"Chester, PA",2026-01-19 02:00:00,2.4526725
"Chester, PA",2026-01-19 03:00:00,4.1674776
"Chester, PA",2026-01-19 04:00:00,4.070442
"Chester, PA",2026-01-19 05:00:00,3.915107
"Chester, PA",2026-01-19 06:00:00,2.7669697
"Chester, PA",2026-01-19 07:00:00,3.4894767
"Chester, PA",2026-01-19 08:00:00,4.3014164
"Chester, PA",2026-01-19 09:00:00,5.5834646
"Chester, PA",2026-01-19 10:00:00,6.354786
"Chester, PA",2026-01-19 11:00:00,6.2847505
"Chester, PA",2026-01-19 12:00:00,6.517539
"Chester, PA",2026-01-19 13:00:00,8.282374
"Chester, PA",2026-01-19 14:00:00,7.07208
"Chester, PA",2026-01-19 15:00:00,7.248278
"Chester, PA",2026-01-19 16:00:00,7.0574737
"Chester, PA",2026-01-19 17:00:00,5.021605
"Chester, PA",2026-01-19 18:00:00,6.7542186
"Chester, PA",2026-01-19 19:00:00,5.422895
"Chester, PA",2026-01-19 20:00:00,6.9324417
"Chester, PA",2026-01-19 21:00:00,6.8030205
"Chester, PA",2026-01-19 22:00:00,6.628106
"Chester, PA",2026-01-19 23:00:00,4.8283567
"Chester, PA",2026-01-20 00:00:00,5.1464596
"Chester, PA",2026-01-20 01:00:00,6.3350415
"Chester, PA",2026-01-20 02:00:00,7.336443
"Chester, PA",2026-01-20 03:00:00,4.724433
"Chester, PA",2026-01-20 04:00:00,3.8280141
"Chester, PA",2026-01-20 05:00:00,4.520299
"Chester, PA",2026-01-20 06:00:00,6.015002
"Chester, PA",2026-01-20 07:00:00,3.5029283
"Chester, PA",2026-01-20 08:00:00,4.3301005
"Chester, PA",2026-01-20 09:00:00,5.481702
"Chester, PA",2026-01-20 10:00:00,6.00988
"Chester, PA",2026-01-20 11:00:00,8.525639
"Chester, PA",2026-01-20 12:00:00,9.261421
"Chester, PA",2026-01-20 13:00:00,9.23075
"Chester, PA",2026-01-20 14:00:00,10.383985
"Chester, PA",2026-01-20 15:00:00,8.936219
"Chester, PA",2026-01-20 16:00:00,8.854351
"Chester, PA",2026-01-20 17:00:00,8.802653
"Chester, PA",2026-01-20 18:00:00,8.1875725
"Chester, PA",2026-01-20 19:00:00,9.171179
"Chester, PA",2026-01-20 20:00:00,8.442221
"Chester, PA",2026-01-20 21:00:00,7.542041
"Chester, PA",2026-01-20 22:00:00,6.4805174
"Chester, PA",2026-01-20 23:00:00,6.7211194
"Chester, PA",2026-01-21 00:00:00,8.594149
"Chester, PA",2026-01-21 01:00:00,7.8058443
"Chester, PA",2026-01-21 02:00:00,7.2871814
"Chester, PA",2026-01-21 03:00:00,7.4338374
"Chester, PA",2026-01-21 04:00:00,7.0576806
"Chester, PA",2026-01-21 05:00:00,6.0180993
"Chester, PA",2026-01-21 06:00:00,8.071322
"Chester, PA",2026-01-21 07:00:00,8.373629
"Chester, PA",2026-01-21 08:00:00,6.599246
"Chester, PA",2026-01-21 09:00:00,8.227661
"Chester, PA",2026-01-21 10:00:00,10.0609455
"Chester, PA",2026-01-21 11:00:00,9.430859
"Chester, PA",2026-01-21 12:00:00,11.767012
"Chester, PA",2026-01-21 13:00:00,11.884569
"Chester, PA",2026-01-21 14:00:00,10.953777
"Chester, PA",2026-01-21 15:00:00,10.305023
"Chester, PA",2026-01-21 16:00:00,11.483433
"Chester, PA",2026-01-21 17:00:00,11.410295
"Chester, PA",2026-01-21 18:00:00,11.433588
"Chester, PA",2026-01-21 19:00:00,10.218757
"Chester, PA",2026-01-21 20:00:00,9.701996
"Chester, PA",2026-01-21 21:00:00,9.549515
"Chester, PA",2026-01-21 22:00:00,9.856615
"Chester, PA",2026-01-21 23:00:00,7.898877
"Chester, PA",2026-01-22 00:00:00,9.482033
"Chester, PA",2026-01-22 01:00:00,6.9302497
"Chester, PA",2026-01-22 02:00:00,9.148127
"Chester, PA",2026-01-22 03:00:00,8.09464
"Chester, PA",2026-01-22 04:00:00,7.996114
"Chester, PA",2026-01-22 05:00:00,6.5158863
"Chester, PA",2026-01-22 06:00:00,5.8140697
"Chester, PA",2026-01-22 07:00:00,9.42798
"Chester, PA",2026-01-22 08:00:00,7.6666617
"Chester, PA",2026-01-22 09:00:00,10.313516
"Chester, PA",2026-01-22 10:00:00,9.010749
"Chester, PA",2026-01-22 11:00:00,9.107376
"Chester, PA",2026-01-22 12:00:00,11.015913
"Chester, PA",2026-01-22 13:00:00,10.531561
"Chester, PA",2026-01-22 14:00:00,11.194564
"Chester, PA",2026-01-22 15:00:00,13.274453
"Chester, PA",2026-01-22 16:00:00,11.312116
"Chester, PA",2026-01-22 17:00:00,9.927171
"Chester, PA",2026-01-22 18:00:00,8.910155
"Chester, PA",2026-01-22 19:00:00,8.490252
"Chester, PA",2026-01-22 20:00:00,8.790545
"Chester, PA",2026-01-22 21:00:00,7.6526937
"Chester, PA",2026-01-22 22:00:00,8.973492
"Chester, PA",2026-01-22 23:00:00,7.504977
"Chester, PA",2026-01-23 00:00:00,6.5182223
"Chester, PA",2026-01-23 01:00:00,7.9022517
"Chester, PA",2026-01-23 02:00:00,7.368933
"Chester, PA",2026-01-23 03:00:00,5.305295
"Chester, PA",2026-01-23 04:00:00,7.205881
"Chester, PA",2026-01-23 05:00:00,4.1486144
"Chester, PA",2026-01-23 06:00:00,4.2365785
"Chester, PA",2026-01-23 07:00:00,6.137602
"Chester, PA",2026-01-23 08:00:00,6.7068324
"Chester, PA",2026-01-23 09:00:00,7.923623
"Chester, PA",2026-01-23 10:00:00,9.687569
"Chester, PA",2026-01-23 11:00:00,8.9825325
"Chester, PA",2026-01-23 12:00:00,10.378264
"Chester, PA",2026-01-23 13:00:00,11.063558
"Chester, PA",2026-01-23 14:00:00,10.756121
"Chester, PA",2026-01-23 15:00:00,12.622438
"Chester, PA",2026-01-23 16:00:00,9.679922
"Chester, PA",2026-01-23 17:00:00,8.4649515
"Chester, PA",2026-01-23 18:00:00,7.1770163
"Chester, PA",2026-01-23 19:00:00,7.7807736
"Chester, PA",2026-01-23 20:00:00,7.4939003
"Chester, PA",2026-01-23 21:00:00,6.718988
"Chester, PA",2026-01-23 22:00:00,6.5317373
"Chester, PA",2026-01-23 23:00:00,5.4073744
"Chester, PA",2026-01-24 00:00:00,5.2660437
"Chester, PA",2026-01-24 01:00:00,6.60237
"Chester, PA",2026-01-24 02:00:00,7.743366
"Chester, PA",2026-01-24 03:00:00,7.1885123
"Chester, PA",2026-01-24 04:00:00,6.550623
"Chester, PA",2026-01-24 05:00:00,6.336565
"Chester, PA",2026-01-24 06:00:00,5.607815
"Chester, PA",2026-01-24 07:00:00,6.6488028
"Chester, PA",2026-01-24 08:00:00,7.930976
"Chester, PA",2026-01-24 09:00:00,10.234695
"Chester, PA",2026-01-24 10:00:00,7.958234
"Chester, PA",2026-01-24 11:00:00,10.936706
"Chester, PA",2026-01-24 12:00:00,10.15868
"Chester, PA",2026-01-24 13:00:00,11.338044
"Chester, PA",2026-01-24 14:00:00,11.976956
"Chester, PA",2026-01-24 15:00:00,10.202554
"Chester, PA",2026-01-24 16:00:00,9.099992
"Chester, PA",2026-01-24 17:00:00,8.927646
"Chester, PA",2026-01-24 18:00:00,8.711578
"Chester, PA",2026-01-24 19:00:00,8.375819
"Chester, PA",2026-01-24 20:00:00,5.7057714
"Chester, PA",2026-01-24 21:00:00,7.5825977
"Chester, PA",2026-01-24 22:00:00,7.395595
"Chester, PA",2026-01-24 23:00:00,8.180574
"Chester, PA",2026-01-25 00:00:00,8.619166
"Chester, PA",2026-01-25 01:00:00,8.21582
"Chester, PA",2026-01-25 02:00:00,9.27718
"Chester, PA",2026-01-25 03:00:00,8.625009
"Chester, PA",2026-01-25 04:00:00,8.303029
"Chester, PA",2026-01-25 05:00:00,6.960674
"Chester, PA",2026-01-25 06:00:00,9.271436
"Chester, PA",2026-01-25 07:00:00,8.882552
"Chester, PA",2026-01-25 08:00:00,8.677112
"Chester, PA",2026-01-25 09:00:00,10.354118
"Chester, PA",2026-01-25 10:00:00,12.315742
"Chester, PA",2026-01-25 11:00:00,10.947722
"Chester, PA",2026-01-25 12:00:00,11.374976
"Chester, PA",2026-01-25 13:00:00,12.227329
"Chester, PA",2026-01-25 14:00:00,12.256498
"Chester, PA",2026-01-25 15:00:00,11.629549
"Chester, PA",2026-01-25 16:00:00,11.606668
"Chester, PA",2026-01-25 17:00:00,10.765655
"Chester, PA",2026-01-25 18:00:00,9.998556
"Chester, PA",2026-01-25 19:00:00,12.038525
"Chester, PA",2026-01-25 20:00:00,12.3114395
"Chester, PA",2026-01-25 21:00:00,10.378387
"Chester, PA",2026-01-25 22:00:00,11.755062
"Chester, PA",2026-01-25 23:00:00,11.3236265
"Chester, PA",2026-01-26 00:00:00,9.762128
"Chester, PA",2026-01-26 01:00:00,10.976393
"Chester, PA",2026-01-26 02:00:00,8.293249
"Chester, PA",2026-01-26 03:00:00,8.183994
"Chester, PA",2026-01-26 04:00:00,8.861106
"Chester, PA",2026-01-26 05:00:00,9.38463
"Chester, PA",2026-01-26 06:00:00,8.987179
"Chester, PA",2026-01-26 07:00:00,8.4592495
"Chester, PA",2026-01-26 08:00:00,10.848488
"Chester, PA",2026-01-26 09:00:00,12.384491
"Chester, PA",2026-01-26 10:00:00,10.297607
"Chester, PA",2026-01-26 11:00:00,12.028767
"Chester, PA",2026-01-26 12:00:00,11.515256
"Chester, PA",2026-01-26 13:00:00,12.051789
"Chester, PA",2026-01-26 14:00:00,11.33174
"Chester, PA",2026-01-26 15:00:00,13.534386
"Chester, PA",2026-01-26 16:00:00,11.543131
"Chester, PA",2026-01-26 17:00:00,11.548163
"Chester, PA",2026-01-26 18:00:00,10.230898
"Chester, PA",2026-01-26 19:00:00,8.765411
"Chester, PA",2026-01-26 20:00:00,10.893566
"Chester, PA",2026-01-26 21:00:00,9.443958
"Chester, PA",2026-01-26 22:00:00,8.976523
"Chester, PA",2026-01-26 23:00:00,10.712656
"Chester, PA",2026-01-27 00:00:00,9.0774
"Chester, PA",2026-01-27 01:00:00,7.8420253
"Chester, PA",2026-01-27 02:00:00,10.329434
"Chester, PA",2026-01-27 03:00:00,9.17822
"Chester, PA",2026-01-27 04:00:00,7.3348365
"Chester, PA",2026-01-27 05:00:00,8.330636
"Chester, PA",2026-01-27 06:00:00,7.8819857
"Chester, PA",2026-01-27 07:00:00,8.810858
"Chester, PA",2026-01-27 08:00:00,9.270197
"Chester, PA",2026-01-27 09:00:00,9.939581
"Chester, PA",2026-01-27 10:00:00,9.688784
"Chester, PA",2026-01-27 11:00:00,12.877281
"Chester, PA",2026-01-27 12:00:00,11.915274
"Chester, PA",2026-01-27 13:00:00,12.573839
"Chester, PA",2026-01-27 14:00:00,12.741178
"Chester, PA",2026-01-27 15:00:00,12.303984
"Chester, PA",2026-01-27 16:00:00,12.961124
"Chester, PA",2026-01-27 17:00:00,9.954272
"Chester, PA",2026-01-27 18:00:00,12.575714
"Chester, PA",2026-01-27 19:00:00,9.765124
"Chester, PA",2026-01-27 20:00:00,10.180249
"Chester, PA",2026-01-27 21:00:00,8.613817
"Chester, PA",2026-01-27 22:00:00,10.265989
"Chester, PA",2026-01-27 23:00:00,10.431483
"Chester, PA",2026-01-28 00:00:00,8.004835
"Chester, PA",2026-01-28 01:00:00,8.364041
"Chester, PA",2026-01-28 02:00:00,6.9315977
"Chester, PA",2026-01-28 03:00:00,8.589368
"Chester, PA",2026-01-28 04:00:00,7.1110992
"Chester, PA",2026-01-28 05:00:00,6.920796
"Chester, PA",2026-01-28 06:00:00,7.9501204
"Chester, PA",2026-01-28 07:00:00,7.2834053
"Chester, PA",2026-01-28 08:00:00,8.108678
"Chester, PA",2026-01-28 09:00:00,8.934454
"Chester, PA",2026-01-28 10:00:00,10.03564
"Chester, PA",2026-01-28 11:00:00,9.671912
"Chester, PA",2026-01-28 12:00:00,10.410719
"Chester, PA",2026-01-28 13:00:00,10.991269
"Chester, PA",2026-01-28 14:00:00,10.211714
"Chester, PA",2026-01-28 15:00:00,9.839036
"Chester, PA",2026-01-28 16:00:00,10.636926
"Chester, PA",2026-01-28 17:00:00,9.756855
"Chester, PA",2026-01-28 18:00:00,7.4882236
"Chester, PA",2026-01-28 19:00:00,7.1439047
"Chester, PA",2026-01-28 20:00:00,8.054389
"Chester, PA",2026-01-28 21:00:00,9.082956
"Chester, PA",2026-01-28 22:00:00,7.5216923
"Chester, PA",2026-01-28 23:00:00,6.7693048
"Chester, PA",2026-01-29 00:00:00,6.9997406
"Chester, PA",2026-01-29 01:00:00,6.565813
"Chester, PA",2026-01-29 02:00:00,6.7719674
"Chester, PA",2026-01-29 03:00:00,6.975239
"Chester, PA",2026-01-29 04:00:00,6.3992214
"Chester, PA",2026-01-29 05:00:00,6.501121
"Chester, PA",2026-01-29 06:00:00,7.8247395
"Chester, PA",2026-01-29 07:00:00,6.3265333
"Chester, PA",2026-01-29 08:00:00,5.505823
"Chester, PA",2026-01-29 09:00:00,7.4989185
"Chester, PA",2026-01-29 10:00:00,10.121305
"Chester, PA",2026-01-29 11:00:00,10.2882595
"Chester, PA",2026-01-29 12:00:00,11.845546
"Chester, PA",2026-01-29 13:00:00,9.629128
"Chester, PA",2026-01-29 14:00:00,10.625985
"Chester, PA",2026-01-29 15:00:00,9.153111
"Chester, PA",2026-01-29 16:00:00,8.692001
"Chester, PA",2026-01-29 17:00:00,9.196095
"Chester, PA",2026-01-29 18:00:00,7.962313
"Chester, PA",2026-01-29 19:00:00,6.939288
"Chester, PA",2026-01-29 20:00:00,6.6322513
"Chester, PA",2026-01-29 21:00:00,5.641958
"Chester, PA",2026-01-29 22:00:00,5.048608
"Chester, PA",2026-01-29 23:00:00,7.3760858
"Chester, PA",2026-01-30 00:00:00,6.173784
"Chester, PA",2026-01-30 01:00:00,6.3669267
"Chester, PA",2026-01-30 02:00:00,7.0702505
"Chester, PA",2026-01-30 03:00:00,6.8179145
"Chester, PA",2026-01-30 04:00:00,4.8189774
"Chester, PA",2026-01-30 05:00:00,4.069372
"Chester, PA",2026-01-30 06:00:00,3.4744873
"Chester, PA",2026-01-30 07:00:00,6.2220235
"Chester, PA",2026-01-30 08:00:00,6.620217
"Chester, PA",2026-01-30 09:00:00,6.0050726
"Chester, PA",2026-01-30 10:00:00,7.6670012
"Chester, PA",2026-01-30 11:00:00,8.501149
"Chester, PA",2026-01-30 12:00:00,8.7163725
"Chester, PA",2026-01-30 13:00:00,9.485847
"Chester, PA",2026-01-30 14:00:00,8.89444
"Chester, PA",2026-01-30 15:00:00,9.251341
"Chester, PA",2026-01-30 16:00:00,7.968203
"Chester, PA",2026-01-30 17:00:00,8.445924
"Chester, PA",2026-01-30 18:00:00,8.36108
"Chester, PA",2026-01-30 19:00:00,7.1161714
"Chester, PA",2026-01-30 20:00:00,8.001486
"Chester, PA",2026-01-30 21:00:00,6.6218414
"Chester, PA",2026-01-30 22:00:00,7.5999727
"Chester, PA",2026-01-30 23:00:00,6.7888126
"Chester, PA",2026-01-31 00:00:00,6.7412405
"Chester, PA",2026-01-31 01:00:00,8.098914
"Chester, PA",2026-01-31 02:00:00,6.3924527
"Chester, PA",2026-01-31 03:00:00,8.598688
"Chester, PA",2026-01-31 04:00:00,6.3149123
"Chester, PA",2026-01-31 05:00:00,6.39443
"Chester, PA",2026-01-31 06:00:00,5.949832
"Chester, PA",2026-01-31 07:00:00,6.6012506
"Chester, PA",2026-01-31 08:00:00,8.769071
"Chester, PA",2026-01-31 09:00:00,9.88872
"Chester, PA",2026-01-31 10:00:00,8.73349
"Chester, PA",2026-01-31 11:00:00,10.469305
"Chester, PA",2026-01-31 12:00:00,11.432171
"Chester, PA",2026-01-31 13:00:00,12.484613
"Chester, PA",2026-01-31 14:00:00,11.40373
"Chester, PA",2026-01-31 15:00:00,11.072697
"Chester, PA",2026-01-31 16:00:00,11.871355
"Chester, PA",2026-01-31 17:00:00,11.061215
"Chester, PA",2026-01-31 18:00:00,9.509364
"Chester, PA",2026-01-31 19:00:00,9.352771
"Chester, PA",2026-01-31 20:00:00,8.391425
"Chester, PA",2026-01-31 21:00:00,8.715784
"Chester, PA",2026-01-31 22:00:00,8.237163
"Chester, PA",2026-01-31 23:00:00,9.047758
"Chester, PA",2026-02-01 00:00:00,8.672127
"Chester, PA",2026-02-01 01:00:00,7.3895636
"Chester, PA",2026-02-01 02:00:00,9.221417
"Chester, PA",2026-02-01 03:00:00,7.379364
"Chester, PA",2026-02-01 04:00:00,6.887013
"Chester, PA",2026-02-01 05:00:00,8.214693
"Chester, PA",2026-02-01 06:00:00,6.5833445
"Chester, PA",2026-02-01 07:00:00,8.401651
"Chester, PA",2026-02-01 08:00:00,7.814455
"Chester, PA",2026-02-01 09:00:00,7.8433475
"Chester, PA",2026-02-01 10:00:00,9.714081
"Chester, PA",2026-02-01 11:00:00,8.048292
"Chester, PA",2026-02-01 12:00:00,10.846349
"Chester, PA",2026-02-01 13:00:00,9.920944
"Chester, PA",2026-02-01 14:00:00,10.577788
"Chester, PA",2026-02-01 15:00:00,10.479969
"Chester, PA",2026-02-01 16:00:00,9.434948
"Chester, PA",2026-02-01 17:00:00,8.524032
"Chester, PA",2026-02-01 18:00:00,8.920721
"Chester, PA",2026-02-01 19:00:00,8.558302
"Chester, PA",2026-02-01 20:00:00,6.822141
"Chester, PA",2026-02-01 21:00:00,7.316983
"Chester, PA",2026-02-01 22:00:00,7.8229403
"Chester, PA",2026-02-01 23:00:00,6.3824315
"Chester, PA",2026-02-02 00:00:00,6.352567
"Chester, PA",2026-02-02 01:00:00,5.991974
"Chester, PA",2026-02-02 02:00:00,5.7539773
"Chester, PA",2026-02-02 03:00:00,5.866565
"Chester, PA",2026-02-02 04:00:00,6.532548
"Chester, PA",2026-02-02 05:00:00,5.7837815
"Chester, PA",2026-02-02 06:00:00,4.2665725
"Chester, PA",2026-02-02 07:00:00,5.2968793
"Chester, PA",2026-02-02 08:00:00,6.312616
"Chester, PA",2026-02-02 09:00:00,4.6422763
"Chester, PA",2026-02-02 10:00:00,5.993159
"Chester, PA",2026-02-02 11:00:00,6.1017513
"Chester, PA",2026-02-02 12:00:00,8.252144
"Chester, PA",2026-02-02 13:00:00,8.641868
"Chester, PA",2026-02-02 14:00:00,9.212866
"Chester, PA",2026-02-02 15:00:00,6.5385113
"Chester, PA",2026-02-02 16:00:00,8.295942
"Chester, PA",2026-02-02 17:00:00,6.3493896
"Chester, PA",2026-02-02 18:00:00,10.082318
"Chester, PA",2026-02-02 19:00:00,5.435361
"Chester, PA",2026-02-02 20:00:00,4.66443
"Chester, PA",2026-02-02 21:00:00,5.283496
"Chester, PA",2026-02-02 22:00:00,6.6006975
"Chester, PA",2026-02-02 23:00:00,4.635149
"Chester, PA",2026-02-03 00:00:00,5.5972977
"Chester, PA",2026-02-03 01:00:00,4.760911
"Chester, PA",2026-02-03 02:00:00,5.187812
"Chester, PA",2026-02-03 03:00:00,4.81946
"Chester, PA",2026-02-03 04:00:00,5.690963
"Chester, PA",2026-02-03 05:00:00,3.6829014
"Chester, PA",2026-02-03 06:00:00,3.8896987
"Chester, PA",2026-02-03 07:00:00,4.2092857
"Chester, PA",2026-02-03 08:00:00,5.1079025
"Chester, PA",2026-02-03 09:00:00,4.900364
"Chester, PA",2026-02-03 10:00:00,7.733528
"Chester, PA",2026-02-03 11:00:00,7.472034
"Chester, PA",2026-02-03 12:00:00,9.03224
"Chester, PA",2026-02-03 13:00:00,9.45714
"Chester, PA",2026-02-03 14:00:00,9.705169
"Chester, PA",2026-02-03 15:00:00,9.074284
"Chester, PA",2026-02-03 16:00:00,10.218049
"Chester, PA",2026-02-03 17:00:00,9.133555
"Chester, PA",2026-02-03 18:00:00,7.150261
"Chester, PA",2026-02-03 19:00:00,8.11415
"Chester, PA",2026-02-03 20:00:00,8.427114
"Chester, PA",2026-02-03 21:00:00,8.056013
"Chester, PA",2026-02-03 22:00:00,6.411899
"Chester, PA",2026-02-03 23:00:00,7.399388
"Chester, PA",2026-02-04 00:00:00,7.454211
"Chester, PA",2026-02-04 01:00:00,7.1957717
"Chester, PA",2026-02-04 02:00:00,6.2240047
"Chester, PA",2026-02-04 03:00:00,5.2857914
"Chester, PA",2026-02-04 04:00:00,6.071046
"Chester, PA",2026-02-04 05:00:00,6.1783032
"Chester, PA",2026-02-04 06:00:00,5.2667975
"Chester, PA",2026-02-04 07:00:00,5.9061575
"Chester, PA",2026-02-04 08:00:00,6.6882005
"Chester, PA",2026-02-04 09:00:00,7.0760665
"Chester, PA",2026-02-04 10:00:00,8.399282
"Chester, PA",2026-02-04 11:00:00,10.827955
"Chester, PA",2026-02-04 12:00:00,11.029939
"Chester, PA",2026-02-04 13:00:00,11.111952
"Chester, PA",2026-02-04 14:00:00,11.39002
"Chester, PA",2026-02-04 15:00:00,11.406215
"Chester, PA",2026-02-04 16:00:00,10.188493
"Chester, PA",2026-02-04 17:00:00,9.485177
"Chester, PA",2026-02-04 18:00:00,9.88291
"Chester, PA",2026-02-04 19:00:00,9.844563
"Chester, PA",2026-02-04 20:00:00,9.560549
"Chester, PA",2026-02-04 21:00:00,7.9871407
"Chester, PA",2026-02-04 22:00:00,8.727851
"Chester, PA",2026-02-04 23:00:00,7.916787
"Chester, PA",2026-02-05 00:00:00,8.406525
"Chester, PA",2026-02-05 01:00:00,8.727714
"Chester, PA",2026-02-05 02:00:00,10.287004
"Chester, PA",2026-02-05 03:00:00,9.436
"Chester, PA",2026-02-05 04:00:00,8.033901
"Chester, PA",2026-02-05 05:00:00,7.9101696
"Chester, PA",2026-02-05 06:00:00,7.5468893
"Chester, PA",2026-02-05 07:00:00,9.000111
"Chester, PA",2026-02-05 08:00:00,10.505081
"Chester, PA",2026-02-05 09:00:00,8.422682
"Chester, PA",2026-02-05 10:00:00,10.293135
"Chester, PA",2026-02-05 11:00:00,12.504484
"Chester, PA",2026-02-05 12:00:00,13.29282
"Chester, PA",2026-02-05 13:00:00,12.83484
"Chester, PA",2026-02-05 14:00:00,11.753771
"Chester, PA",2026-02-05 15:00:00,11.993111
"Chester, PA",2026-02-05 16:00:00,14.96652
"Chester, PA",2026-02-05 17:00:00,10.622041
"Chester, PA",2026-02-05 18:00:00,10.651897
"Chester, PA",2026-02-05 19:00:00,10.788033
"Chester, PA",2026-02-05 20:00:00,12.29377
"Chester, PA",2026-02-05 21:00:00,10.834179
"Chester, PA",2026-02-05 22:00:00,10.129698
"Chester, PA",2026-02-05 23:00:00,8.529121
"Chester, PA",2026-02-06 00:00:00,10.70953
"Chester, PA",2026-02-06 01:00:00,10.738093
"Chester, PA",2026-02-06 02:00:00,9.434288
"Chester, PA",2026-02-06 03:00:00,9.589874
"Chester, PA",2026-02-06 04:00:00,9.171898
"Chester, PA",2026-02-06 05:00:00,10.275245
"Chester, PA",2026-02-06 06:00:00,9.886031
"Chester, PA",2026-02-06 07:00:00,7.283609
"Chester, PA",2026-02-06 08:00:00,8.739839
"Chester, PA",2026-02-06 09:00:00,10.753527
"Chester, PA",2026-02-06 10:00:00,9.5816965
"Chester, PA",2026-02-06 11:00:00,11.403178
"Chester, PA",2026-02-06 12:00:00,13.5480585
"Chester, PA",2026-02-06 13:00:00,12.934757
"Chester, PA",2026-02-06 14:00:00,13.512083
"Chester, PA",2026-02-06 15:00:00,12.795986
"Chester, PA",2026-02-06 16:00:00,12.1595955
"Chester, PA",2026-02-06 17:00:00,12.253889
"Chester, PA",2026-02-06 18:00:00,9.681809
"Chester, PA",2026-02-06 19:00:00,9.622294
"Chester, PA",2026-02-06 20:00:00,9.342127
"Chester, PA",2026-02-06 21:00:00,9.034649
"Chester, PA",2026-02-06 22:00:00,9.153202
"Chester, PA",2026-02-06 23:00:00,6.3144007
"Chester, PA",2026-02-07 00:00:00,6.7702684
"Chester, PA",2026-02-07 01:00:00,7.977457
"Chester, PA",2026-02-07 02:00:00,9.152169
"Chester, PA",2026-02-07 03:00:00,8.057458
"Chester, PA",2026-02-07 04:00:00,6.6014514
"Chester, PA",2026-02-07 05:00:00,7.17506
"Chester, PA",2026-02-07 06:00:00,7.0017223
"Chester, PA",2026-02-07 07:00:00,6.213069
"Chester, PA",2026-02-07 08:00:00,8.678341
"Chester, PA",2026-02-07 09:00:00,9.1730995
"Chester, PA",2026-02-07 10:00:00,10.077353
"Chester, PA",2026-02-07 11:00:00,11.124489
"Chester, PA",2026-02-07 12:00:00,12.2391205
"Chester, PA",2026-02-07 13:00:00,12.36128
"Chester, PA",2026-02-07 14:00:00,11.182458
"Chester, PA",2026-02-07 15:00:00,12.411291
"Chester, PA",2026-02-07 16:00:00,11.324986
"Chester, PA",2026-02-07 17:00:00,11.291885
"Chester, PA",2026-02-07 18:00:00,10.642775
"Chester, PA",2026-02-07 19:00:00,9.994059
"Chester, PA",2026-02-07 20:00:00,10.427204
"Chester, PA",2026-02-07 21:00:00,6.855255
"Chester, PA",2026-02-07 22:00:00,9.051558
"Chester, PA",2026-02-07 23:00:00,9.123285
"Chester, PA",2026-02-08 00:00:00,10.085215
"Chester, PA",2026-02-08 01:00:00,9.234051
"Chester, PA",2026-02-08 02:00:00,11.51325
"Chester, PA",2026-02-08 03:00:00,8.006258
"Chester, PA",2026-02-08 04:00:00,7.4895473
"Chester, PA",2026-02-08 05:00:00,7.4732633
"Chester, PA",2026-02-08 06:00:00,7.7890534
"Chester, PA",2026-02-08 07:00:00,7.1157074
"Chester, PA",2026-02-08 08:00:00,10.181145
"Chester, PA",2026-02-08 09:00:00,10.172562
"Chester, PA",2026-02-08 10:00:00,10.779699
"Chester, PA",2026-02-08 11:00:00,12.456736
"Chester, PA",2026-02-08 12:00:00,11.556484
"Chester, PA",2026-02-08 13:00:00,13.6859
"Chester, PA",2026-02-08 14:00:00,12.082217
"Chester, PA",2026-02-08 15:00:00,12.692145
"Chester, PA",2026-02-08 16:00:00,12.857674
"Chester, PA",2026-02-08 17:00:00,13.191099
"Chester, PA",2026-02-08 18:00:00,9.762226
"Chester, PA",2026-02-08 19:00:00,10.779661
"Chester, PA",2026-02-08 20:00:00,11.561853
"Chester, PA",2026-02-08 21:00:00,10.2880745
"Chester, PA",2026-02-08 22:00:00,10.483477
"Chester, PA",2026-02-08 23:00:00,10.135559
"Chester, PA",2026-02-09 00:00:00,9.013306
"Chester, PA",2026-02-09 01:00:00,7.941087
"Chester, PA",2026-02-09 02:00:00,9.09838
"Chester, PA",2026-02-09 03:00:00,8.139639
"Chester, PA",2026-02-09 04:00:00,7.9961147
"Chester, PA",2026-02-09 05:00:00,8.627044
"Chester, PA",2026-02-09 06:00:00,9.087282
"Chester, PA",2026-02-09 07:00:00,7.3728795
"Chester, PA",2026-02-09 08:00:00,10.247452
"Chester, PA",2026-02-09 09:00:00,8.609921
"Chester, PA",2026-02-09 10:00:00,11.721382
"Chester, PA",2026-02-09 11:00:00,9.46456
"Chester, PA",2026-02-09 12:00:00,12.821007
"Chester, PA",2026-02-09 13:00:00,12.879917
"Chester, PA",2026-02-09 14:00:00,12.484261
"Chester, PA",2026-02-09 15:00:00,12.568182
"Chester, PA",2026-02-09 16:00:00,11.970243
"Chester, PA",2026-02-09 17:00:00,11.120907
"Chester, PA",2026-02-09 18:00:00,11.305686
"Chester, PA",2026-02-09 19:00:00,9.845524
"Chester, PA",2026-02-09 20:00:00,8.649076
"Chester, PA",2026-02-09 21:00:00,10.53982
"Chester, PA",2026-02-09 22:00:00,8.297934
"Chester, PA",2026-02-09 23:00:00,9.751959
"Chester, PA",2026-02-10 00:00:00,8.414768
"Chester, PA",2026-02-10 01:00:00,7.0185413
"Chester, PA",2026-02-10 02:00:00,8.220754
"Chester, PA",2026-02-10 03:00:00,7.1290274
"Chester, PA",2026-02-10 04:00:00,7.4332104
"Chester, PA",2026-02-10 05:00:00,7.3739433
"Chester, PA",2026-02-10 06:00:00,7.3381147
"Chester, PA",2026-02-10 07:00:00,8.428177
"Chester, PA",2026-02-10 08:00:00,7.983938
"Chester, PA",2026-02-10 09:00:00,7.6252084
"Chester, PA",2026-02-10 10:00:00,9.335668
"Chester, PA",2026-02-10 11:00:00,9.656748
"Chester, PA",2026-02-10 12:00:00,11.061589
"Chester, PA",2026-02-10 13:00:00,11.434973
"Chester, PA",2026-02-10 14:00:00,11.421069
"Chester, PA",2026-02-10 15:00:00,11.831303
"Chester, PA",2026-02-10 16:00:00,10.0869255
"Chester, PA",2026-02-10 17:00:00,10.324066
"Chester, PA",2026-02-10 18:00:00,9.94219
"Chester, PA",2026-02-10 19:00:00,9.491879
"Chester, PA",2026-02-10 20:00:00,7.3504233
"Chester, PA",2026-02-10 21:00:00,8.750301
"Chester, PA",2026-02-10 22:00:00,9.192398
"Chester, PA",2026-02-10 23:00:00,7.696204
"Chester, PA",2026-02-11 00:00:00,9.609323
"Chester, PA",2026-02-11 01:00:00,8.9334
"Chester, PA",2026-02-11 02:00:00,6.9345474
"Chester, PA",2026-02-11 03:00:00,8.188763
"Chester, PA",2026-02-11 04:00:00,7.4239645
"Chester, PA",2026-02-11 05:00:00,7.268814
"Chester, PA",2026-02-11 06:00:00,8.3948765
"Chester, PA",2026-02-11 07:00:00,7.748975
"Chester, PA",2026-02-11 08:00:00,9.026907
"Chester, PA",2026-02-11 09:00:00,9.633956
"Chester, PA",2026-02-11 10:00:00,11.024466
"Chester, PA",2026-02-11 11:00:00,11.176754
"Chester, PA",2026-02-11 12:00:00,12.493996
"Chester, PA",2026-02-11 13:00:00,12.076021
"Chester, PA",2026-02-11 14:00:00,13.61581
"Chester, PA",2026-02-11 15:00:00,12.36762
"Chester, PA",2026-02-11 16:00:00,11.992558
"Chester, PA",2026-02-11 17:00:00,12.727734
"Chester, PA",2026-02-11 18:00:00,11.182662
"Chester, PA",2026-02-11 19:00:00,10.958201
"Chester, PA",2026-02-11 20:00:00,9.816754
"Chester, PA",2026-02-11 21:00:00,9.117971
"Chester, PA",2026-02-11 22:00:00,9.270455
"Chester, PA",2026-02-11 23:00:00,10.452152
"Chester, PA",2026-02-12 00:00:00,10.183578
"Chester, PA",2026-02-12 01:00:00,8.086283
"Chester, PA",2026-02-12 02:00:00,7.175738
"Chester, PA",2026-02-12 03:00:00,7.37431
"Chester, PA",2026-02-12 04:00:00,6.040797
"Chester, PA",2026-02-12 05:00:00,5.93489
"Chester, PA",2026-02-12 06:00:00,5.5636797
"Chester, PA",2026-02-12 07:00:00,7.4396844
"Chester, PA",2026-02-12 08:00:00,7.53036
"Chester, PA",2026-02-12 09:00:00,6.7414527
"Chester, PA",2026-02-12 10:00:00,7.420015
"Chester, PA",2026-02-12 11:00:00,9.787137
"Chester, PA",2026-02-12 12:00:00,9.856958
"Chester, PA",2026-02-12 13:00:00,9.5451145
"Chester, PA",2026-02-12 14:00:00,9.477466
"Chester, PA",2026-02-12 15:00:00,9.096676
"Chester, PA",2026-02-12 16:00:00,9.727424
"Chester, PA",2026-02-12 17:00:00,8.005976
"Chester, PA",2026-02-12 18:00:00,9.098241
"Chester, PA",2026-02-12 19:00:00,6.53033
"Chester, PA",2026-02-12 20:00:00,8.317554
"Chester, PA",2026-02-12 21:00:00,6.0214787
"Chester, PA",2026-02-12 22:00:00,6.3190837
"Chester, PA",2026-02-12 23:00:00,6.392777
"Chester, PA",2026-02-13 00:00:00,7.0214863
"Chester, PA",2026-02-13 01:00:00,5.484127
"Chester, PA",2026-02-13 02:00:00,4.47836
"Chester, PA",2026-02-13 03:00:00,5.9439707
"Chester, PA",2026-02-13 04:00:00,4.8525224
"Chester, PA",2026-02-13 05:00:00,3.1373343
"Chester, PA",2026-02-13 06:00:00,4.3378305
"Chester, PA",2026-02-13 07:00:00,4.6943054
"Chester, PA",2026-02-13 08:00:00,3.687738
"Chester, PA",2026-02-13 09:00:00,6.7085824
"Chester, PA",2026-02-13 10:00:00,5.9373646
"Chester, PA",2026-02-13 11:00:00,6.2012167
"Chester, PA",2026-02-13 12:00:00,8.583437
"Chester, PA",2026-02-13 13:00:00,6.166153
"Chester, PA",2026-02-13 14:00:00,7.296458
"Chester, PA",2026-02-13 15:00:00,5.2324333
"Chester, PA",2026-02-13 16:00:00,6.0072327
"Chester, PA",2026-02-13 17:00:00,5.3188624
"Chester, PA",2026-02-13 18:00:00,5.6987047
"Chester, PA",2026-02-13 19:00:00,3.784452
"Chester, PA",2026-02-13 20:00:00,4.0328164
"Chester, PA",2026-02-13 21:00:00,5.134012
"Chester, PA",2026-02-13 22:00:00,4.49193
"Chester, PA",2026-02-13 23:00:00,4.397935
"Chester, PA",2026-02-14 00:00:00,4.145771
"Chester, PA",2026-02-14 01:00:00,3.7363427
"Chester, PA",2026-02-14 02:00:00,3.686448
"Chester, PA",2026-02-14 03:00:00,2.70085
"Chester, PA",2026-02-14 04:00:00,2.591268
"Chester, PA",2026-02-14 05:00:00,2.5016541
"Chester, PA",2026-02-14 06:00:00,4.307084
"Chester, PA",2026-02-14 07:00:00,4.052045
"Chester, PA",2026-02-14 08:00:00,1.171381
"Chester, PA",2026-02-14 09:00:00,4.1680975
"Chester, PA",2026-02-14 10:00:00,5.6551456
"Chester, PA",2026-02-14 11:00:00,5.294037
"Chester, PA",2026-02-14 12:00:00,5.4015055
"Chester, PA",2026-02-14 13:00:00,5.7584925
"Chester, PA",2026-02-14 14:00:00,6.145664
"Chester, PA",2026-02-14 15:00:00,6.6984916
"Chester, PA",2026-02-14 16:00:00,6.606603
"Chester, PA",2026-02-14 17:00:00,6.0830574
"Chester, PA",2026-02-14 18:00:00,5.4444838
"Chester, PA",2026-02-14 19:00:00,5.10834
"Chester, PA",2026-02-14 20:00:00,3.7970011
"Chester, PA",2026-02-14 21:00:00,5.138313
"Chester, PA",2026-02-14 22:00:00,3.3469996
"Chester, PA",2026-02-14 23:00:00,3.379548
"Chester, PA",2026-02-15 00:00:00,4.1917996
"Chester, PA",2026-02-15 01:00:00,2.7695756
"Chester, PA",2026-02-15 02:00:00,5.004095
"Chester, PA",2026-02-15 03:00:00,3.1732903
"Chester, PA",2026-02-15 04:00:00,1.1038246
"Chester, PA",2026-02-15 05:00:00,1.6023707
"Chester, PA",2026-02-15 06:00:00,0.94043016
"Chester, PA",2026-02-15 07:00:00,2.7651238
"Chester, PA",2026-02-15 08:00:00,1.4084778
"Chester, PA",2026-02-15 09:00:00,3.2752485
"Chester, PA",2026-02-15 10:00:00,4.2931557
"Chester, PA",2026-02-15 11:00:00,6.9265747
"Chester, PA",2026-02-15 12:00:00,6.081088
"Chester, PA",2026-02-15 13:00:00,4.450631
"Chester, PA",2026-02-15 14:00:00,5.3967667
"Chester, PA",2026-02-15 15:00:00,4.48845
"Chester, PA",2026-02-15 16:00:00,6.9196486
"Chester, PA",2026-02-15 17:00:00,4.5174932
"Chester, PA",2026-02-15 18:00:00,3.8587615
"Chester, PA",2026-02-15 19:00:00,4.20148
"Chester, PA",2026-02-15 20:00:00,3.6028228
"Chester, PA",2026-02-15 21:00:00,3.0462027
"Chester, PA",2026-02-15 22:00:00,3.651802
"Chester, PA",2026-02-15 23:00:00,3.5463371
"Chester, PA",2026-02-16 00:00:00,2.8434024
"Chester, PA",2026-02-16 01:00:00,3.5568433
"Chester, PA",2026-02-16 02:00:00,2.5875936
"Chester, PA",2026-02-16 03:00:00,1.4623103
"Chester, PA",2026-02-16 04:00:00,1.6662889
"Chester, PA",2026-02-16 05:00:00,1.0856276
"Chester, PA",2026-02-16 06:00:00,3.096877
"Chester, PA",2026-02-16 07:00:00,2.0712361
"Chester, PA",2026-02-16 08:00:00,1.457726
"Chester, PA",2026-02-16 09:00:00,2.1430988
"Chester, PA",2026-02-16 10:00:00,3.3212738
"Chester, PA",2026-02-16 11:00:00,4.1686916
"Chester, PA",2026-02-16 12:00:00,4.6455393
"Chester, PA",2026-02-16 13:00:00,6.9266157
"Chester, PA",2026-02-16 14:00:00,5.317626
"Chester, PA",2026-02-16 15:00:00,7.0800595
"Chester, PA",2026-02-16 16:00:00,5.6379967
"Chester, PA",2026-02-16 17:00:00,6.5181
"Chester, PA",2026-02-16 18:00:00,4.3374863
"Chester, PA",2026-02-16 19:00:00,4.0286813
"Chester, PA",2026-02-16 20:00:00,4.887333
"Chester, PA",2026-02-16 21:00:00,5.02995
"Chester, PA",2026-02-16 22:00:00,4.249221
"Chester, PA",2026-02-16 23:00:00,3.5141487
"Chester, PA",2026-02-17 00:00:00,1.727325
"Chester, PA",2026-02-17 01:00:00,2.3666534
"Chester, PA",2026-02-17 02:00:00,3.03094
"Chester, PA",2026-02-17 03:00:00,3.0351515
"Chester, PA",2026-02-17 04:00:00,2.1671958
"Chester, PA",2026-02-17 05:00:00,2.2632217
"Chester, PA",2026-02-17 06:00:00,4.2794633
"Chester, PA",2026-02-17 07:00:00,3.2768536
"Chester, PA",2026-02-17 08:00:00,0.7021508
"Chester, PA",2026-02-17 09:00:00,4.6683726
"Chester, PA",2026-02-17 10:00:00,6.054695
"Chester, PA",2026-02-17 11:00:00,4.6164684
"Chester, PA",2026-02-17 12:00:00,7.1705675
"Chester, PA",2026-02-17 13:00:00,6.8771257
"Chester, PA",2026-02-17 14:00:00,7.3443747
"Chester, PA",2026-02-17 15:00:00,6.921865
"Chester, PA",2026-02-17 16:00:00,8.0373335
"Chester, PA",2026-02-17 17:00:00,6.20884
"Chester, PA",2026-02-17 18:00:00,5.092614
"Chester, PA",2026-02-17 19:00:00,5.8599577
"Chester, PA",2026-02-17 20:00:00,5.0742445
"Chester, PA",2026-02-17 21:00:00,5.4745264
"Chester, PA",2026-02-17 22:00:00,3.9809616
"Chester, PA",2026-02-17 23:00:00,5.071356
"Chester, PA",2026-02-18 00:00:00,3.5386357
"Chester, PA",2026-02-18 01:00:00,4.358592
"Chester, PA",2026-02-18 02:00:00,4.744206
"Chester, PA",2026-02-18 03:00:00,2.5695214
"Chester, PA",2026-02-18 04:00:00,4.3095245
"Chester, PA",2026-02-18 05:00:00,2.7619438
"Chester, PA",2026-02-18 06:00:00,3.5349646
"Chester, PA",2026-02-18 07:00:00,2.8979788
"Chester, PA",2026-02-18 08:00:00,3.2231617
"Chester, PA",2026-02-18 09:00:00,4.698648
"Chester, PA",2026-02-18 10:00:00,6.536319
"Chester, PA",2026-02-18 11:00:00,5.8645897
"Chester, PA",2026-02-18 12:00:00,6.266439
"Chester, PA",2026-02-18 13:00:00,7.6879215
"Chester, PA",2026-02-18 14:00:00,8.898145
"Chester, PA",2026-02-18 15:00:00,9.116151
"Chester, PA",2026-02-18 16:00:00,7.4698186
"Chester, PA",2026-02-18 17:00:00,7.994261
"Chester, PA",2026-02-18 18:00:00,8.491791
"Chester, PA",2026-02-18 19:00:00,8.190175
"Chester, PA",2026-02-18 20:00:00,6.753694
"Chester, PA",2026-02-18 21:00:00,7.430483
"Chester, PA",2026-02-18 22:00:00,6.990409
"Chester, PA",2026-02-18 23:00:00,5.524726
"Chester, PA",2026-02-19 00:00:00,6.2057896
"Chester, PA",2026-02-19 01:00:00,7.7965627
"Chester, PA",2026-02-19 02:00:00,6.786456
"Chester, PA",2026-02-19 03:00:00,5.5596685
"Chester, PA",2026-02-19 04:00:00,5.956578
"Chester, PA",2026-02-19 05:00:00,5.488974
"Chester, PA",2026-02-19 06:00:00,7.1823506
"Chester, PA",2026-02-19 07:00:00,5.795657
"Chester, PA",2026-02-19 08:00:00,7.543953
"Chester, PA",2026-02-19 09:00:00,6.8520393
"Chester, PA",2026-02-19 10:00:00,9.07911
"Chester, PA",2026-02-19 11:00:00,8.425017
"Chester, PA",2026-02-19 12:00:00,10.339618
"Chester, PA",2026-02-19 13:00:00,10.081861
"Chester, PA",2026-02-19 14:00:00,10.002106
"Chester, PA",2026-02-19 15:00:00,10.636418
"Chester, PA",2026-02-19 16:00:00,10.416715
"Chester, PA",2026-02-19 17:00:00,10.234366
"Chester, PA",2026-02-19 18:00:00,9.25747
"Chester, PA",2026-02-19 19:00:00,9.9192505
"Chester, PA",2026-02-19 20:00:00,8.294228
"Chester, PA",2026-02-19 21:00:00,9.653026
"Chester, PA",2026-02-19 22:00:00,8.228681
"Chester, PA",2026-02-19 23:00:00,8.41385
"Chester, PA",2026-02-20 00:00:00,8.111779
"Chester, PA",2026-02-20 01:00:00,11.212017
"Chester, PA",2026-02-20 02:00:00,10.01981
"Chester, PA",2026-02-20 03:00:00,8.761044
"Chester, PA",2026-02-20 04:00:00,7.6393957
"Chester, PA",2026-02-20 05:00:00,7.1631413
"Chester, PA",2026-02-20 06:00:00,7.5410733
"Chester, PA",2026-02-20 07:00:00,7.0748844
"Chester, PA",2026-02-20 08:00:00,7.326189
"Chester, PA",2026-02-20 09:00:00,7.960025
"Chester, PA",2026-02-20 10:00:00,9.536386
"Chester, PA",2026-02-20 11:00:00,9.393192
"Chester, PA",2026-02-20 12:00:00,9.775467
"Chester, PA",2026-02-20 13:00:00,11.438958
"Chester, PA",2026-02-20 14:00:00,9.236532
"Chester, PA",2026-02-20 15:00:00,13.053508
"Chester, PA",2026-02-20 16:00:00,11.441372
"Chester, PA",2026-02-20 17:00:00,10.282063
"Chester, PA",2026-02-20 18:00:00,10.74374
"Chester, PA",2026-02-20 19:00:00,9.82575
"Chester, PA",2026-02-20 20:00:00,8.080974
"Chester, PA",2026-02-20 21:00:00,8.091715
"Chester, PA",2026-02-20 22:00:00,6.123867
"Chester, PA",2026-02-20 23:00:00,7.3678226
"Chester, PA",2026-02-21 00:00:00,7.812218
"Chester, PA",2026-02-21 01:00:00,4.9906116
"Chester, PA",2026-02-21 02:00:00,5.7206507
"Chester, PA",2026-02-21 03:00:00,5.261489
"Chester, PA",2026-02-21 04:00:00,5.087774
"Chester, PA",2026-02-21 05:00:00,6.704244
"Chester, PA",2026-02-21 06:00:00,5.6878147
"Chester, PA",2026-02-21 07:00:00,5.1341763
"Chester, PA",2026-02-21 08:00:00,6.477542
"Chester, PA",2026-02-21 09:00:00,7.7346935
"Chester, PA",2026-02-21 10:00:00,7.869926
"Chester, PA",2026-02-21 11:00:00,8.128118
"Chester, PA",2026-02-21 12:00:00,7.4113064
"Chester, PA",2026-02-21 13:00:00,6.1356187
"Chester, PA",2026-02-21 14:00:00,9.456644
"Chester, PA",2026-02-21 15:00:00,8.103511
"Chester, PA",2026-02-21 16:00:00,6.9399195
"Chester, PA",2026-02-21 17:00:00,7.3271594
"Chester, PA",2026-02-21 18:00:00,8.34571
"Chester, PA",2026-02-21 19:00:00,7.6322575
"Chester, PA",2026-02-21 20:00:00,5.7410145
"Chester, PA",2026-02-21 21:00:00,4.023633
"Chester, PA",2026-02-21 22:00:00,6.330993
"Chester, PA",2026-02-21 23:00:00,5.3657885
"Chester, PA",2026-02-22 00:00:00,3.6502848
"Chester, PA",2026-02-22 01:00:00,2.6068134
"Chester, PA",2026-02-22 02:00:00,4.764495
"Chester, PA",2026-02-22 03:00:00,3.3248105
"Chester, PA",2026-02-22 04:00:00,2.9990702
"Chester, PA",2026-02-22 05:00:00,2.4284143
"Chester, PA",2026-02-22 06:00:00,2.3983006
"Chester, PA",2026-02-22 07:00:00,2.9165277
"Chester, PA",2026-02-22 08:00:00,3.3440304
"Chester, PA",2026-02-22 09:00:00,4.6451254
"Chester, PA",2026-02-22 10:00:00,4.9889283
"Chester, PA",2026-02-22 11:00:00,5.015115
"Chester, PA",2026-02-22 12:00:00,5.8088555
"Chester, PA",2026-02-22 13:00:00,5.499295
"Chester, PA",2026-02-22 14:00:00,7.9411297
"Chester, PA",2026-02-22 15:00:00,7.291528
"Chester, PA",2026-02-22 16:00:00,5.0683355
"Chester, PA",2026-02-22 17:00:00,7.082917
"Chester, PA",2026-02-22 18:00:00,4.898611
"Chester, PA",2026-02-22 19:00:00,4.331844
"Chester, PA",2026-02-22 20:00:00,5.68991
"Chester, PA",2026-02-22 21:00:00,5.238673
"Chester, PA",2026-02-22 22:00:00,6.4261255
"Chester, PA",2026-02-22 23:00:00,4.087186
"Chester, PA",2026-02-23 00:00:00,3.4619708
"Chester, PA",2026-02-23 01:00:00,3.1974626
"Chester, PA",2026-02-23 02:00:00,3.998632
"Chester, PA",2026-02-23 03:00:00,4.5598073
"Chester, PA",2026-02-23 04:00:00,4.927915
"Chester, PA",2026-02-23 05:00:00,2.6703987
"Chester, PA",2026-02-23 06:00:00,3.171507
"Chester, PA",2026-02-23 07:00:00,4.7705564
"Chester, PA",2026-02-23 08:00:00,5.756484
"Chester, PA",2026-02-23 09:00:00,6.2643747
"Chester, PA",2026-02-23 10:00:00,6.728777
"Chester, PA",2026-02-23 11:00:00,6.873245
"Chester, PA",2026-02-23 12:00:00,7.3024483
"Chester, PA",2026-02-23 13:00:00,7.1064744
"Chester, PA",2026-02-23 14:00:00,7.9556265
"Chester, PA",2026-02-23 15:00:00,8.37802
"Chester, PA",2026-02-23 16:00:00,7.976852
"Chester, PA",2026-02-23 17:00:00,7.989225
"Chester, PA",2026-02-23 18:00:00,6.030158
"Chester, PA",2026-02-23 19:00:00,5.4192553
"Chester, PA",2026-02-23 20:00:00,7.0856194
"Chester, PA",2026-02-23 21:00:00,4.5976954
"Chester, PA",2026-02-23 22:00:00,4.8867226
"Chester, PA",2026-02-23 23:00:00,5.4610553
"Chester, PA",2026-02-24 00:00:00,5.1202946
"Chester, PA",2026-02-24 01:00:00,7.229142
"Chester, PA",2026-02-24 02:00:00,7.3377857
"Chester, PA",2026-02-24 03:00:00,5.937113
"Chester, PA",2026-02-24 04:00:00,3.8101664
"Chester, PA",2026-02-24 05:00:00,2.071828
"Chester, PA",2026-02-24 06:00:00,5.472969
"Chester, PA",2026-02-24 07:00:00,4.976362
"Chester, PA",2026-02-24 08:00:00,5.8768945
"Chester, PA",2026-02-24 09:00:00,5.3055377
"Chester, PA",2026-02-24 10:00:00,7.620683
"Chester, PA",2026-02-24 11:00:00,8.127591
"Chester, PA",2026-02-24 12:00:00,7.8877625
"Chester, PA",2026-02-24 13:00:00,8.581252
"Chester, PA",2026-02-24 14:00:00,9.698101
"Chester, PA",2026-02-24 15:00:00,9.04414
"Chester, PA",2026-02-24 16:00:00,8.98729
"Chester, PA",2026-02-24 17:00:00,7.8521643
"Chester, PA",2026-02-24 18:00:00,8.089305
"Chester, PA",2026-02-24 19:00:00,6.006423
"Chester, PA",2026-02-24 20:00:00,7.3048615
"Chester, PA",2026-02-24 21:00:00,6.2770333
"Chester, PA",2026-02-24 22:00:00,5.9624662
"Chester, PA",2026-02-24 23:00:00,7.507354
"Chester, PA",2026-02-25 00:00:00,7.288476
"Chester, PA",2026-02-25 01:00:00,6.911375
"Chester, PA",2026-02-25 02:00:00,5.6142826
"Chester, PA",2026-02-25 03:00:00,4.8337107
"Chester, PA",2026-02-25 04:00:00,4.933609
"Chester, PA",2026-02-25 05:00:00,5.4069357
"Chester, PA",2026-02-25 06:00:00,5.5233545
"Chester, PA",2026-02-25 07:00:00,6.902694
"Chester, PA",2026-02-25 08:00:00,6.7361093
"Chester, PA",2026-02-25 09:00:00,5.652332
"Chester, PA",2026-02-25 10:00:00,8.32529
"Chester, PA",2026-02-25 11:00:00,7.701312
"Chester, PA",2026-02-25 12:00:00,10.450604
"Chester, PA",2026-02-25 13:00:00,8.468121
"Chester, PA",2026-02-25 14:00:00,9.536884
"Chester, PA",2026-02-25 15:00:00,9.549907
"Chester, PA",2026-02-25 16:00:00,11.041911
"Chester, PA",2026-02-25 17:00:00,9.70527
"Chester, PA",2026-02-25 18:00:00,8.651898
"Chester, PA",2026-02-25 19:00:00,7.943489
"Chester, PA",2026-02-25 20:00:00,7.613058
"Chester, PA",2026-02-25 21:00:00,8.317168
"Chester, PA",2026-02-25 22:00:00,6.49486
"Chester, PA",2026-02-25 23:00:00,6.7104893
"Chester, PA",2026-02-26 00:00:00,6.688492
"Chester, PA",2026-02-26 01:00:00,7.0836835
"Chester, PA",2026-02-26 02:00:00,4.475958
"Chester, PA",2026-02-26 03:00:00,6.277225
"Chester, PA",2026-02-26 04:00:00,4.641663
"Chester, PA",2026-02-26 05:00:00,5.00752
"Chester, PA",2026-02-26 06:00:00,5.37323
"Chester, PA",2026-02-26 07:00:00,5.482899
"Chester, PA",2026-02-26 08:00:00,6.3131466
"Chester, PA",2026-02-26 09:00:00,8.423386
"Chester, PA",2026-02-26 10:00:00,8.329556
"Chester, PA",2026-02-26 11:00:00,9.81931
"Chester, PA",2026-02-26 12:00:00,9.693989
"Chester, PA",2026-02-26 13:00:00,10.398322
"Chester, PA",2026-02-26 14:00:00,11.311737
"Chester, PA",2026-02-26 15:00:00,11.469137
"Chester, PA",2026-02-26 16:00:00,10.802656
"Chester, PA",2026-02-26 17:00:00,8.45425
"Chester, PA",2026-02-26 18:00:00,7.8676805
"Chester, PA",2026-02-26 19:00:00,8.085279
"Chester, PA",2026-02-26 20:00:00,7.433976
"Chester, PA",2026-02-26 21:00:00,7.298563
"Chester, PA",2026-02-26 22:00:00,6.5530653
"Chester, PA",2026-02-26 23:00:00,8.09784
"Chester, PA",2026-02-27 00:00:00,6.6184206
"Chester, PA",2026-02-27 01:00:00,7.1599903
"Chester, PA",2026-02-27 02:00:00,5.4367833
"Chester, PA",2026-02-27 03:00:00,5.981138
"Chester, PA",2026-02-27 04:00:00,4.9263935
"Chester, PA",2026-02-27 05:00:00,6.176987
"Chester, PA",2026-02-27 06:00:00,5.971239
"Chester, PA",2026-02-27 07:00:00,7.4504323
"Chester, PA",2026-02-27 08:00:00,7.955408
"Chester, PA",2026-02-27 09:00:00,8.664047
"Chester, PA",2026-02-27 10:00:00,8.574156
"Chester, PA",2026-02-27 11:00:00,9.2914
"Chester, PA",2026-02-27 12:00:00,6.227676
"Chester, PA",2026-02-27 13:00:00,8.556764
"Chester, PA",2026-02-27 14:00:00,9.924884
"Chester, PA",2026-02-27 15:00:00,9.90965
"Chester, PA",2026-02-27 16:00:00,8.778919
"Chester, PA",2026-02-27 17:00:00,7.8317485
"Chester, PA",2026-02-27 18:00:00,9.412185
"Chester, PA",2026-02-27 19:00:00,6.3517747
"Chester, PA",2026-02-27 20:00:00,5.1349306
"Chester, PA",2026-02-27 21:00:00,4.961232
"Chester, PA",2026-02-27 22:00:00,5.999308
"Chester, PA",2026-02-27 23:00:00,5.913067
"Chester, PA",2026-02-28 00:00:00,8.033693
"Chester, PA",2026-02-28 01:00:00,6.367593
"Chester, PA",2026-02-28 02:00:00,4.49984
"Chester, PA",2026-02-28 03:00:00,5.33427
"Chester, PA",2026-02-28 04:00:00,7.0448356
"Chester, PA",2026-02-28 05:00:00,6.1484966
"Chester, PA",2026-02-28 06:00:00,4.115509
"Chester, PA",2026-02-28 07:00:00,4.4103837
"Chester, PA",2026-02-28 08:00:00,5.079117
"Chester, PA",2026-02-28 09:00:00,7.5596128
"Chester, PA",2026-02-28 10:00:00,6.719897
"Chester, PA",2026-02-28 11:00:00,4.4547544
"Chester, PA",2026-02-28 12:00:00,7.2181516
"Chester, PA",2026-02-28 13:00:00,6.4512258
"Chester, PA",2026-02-28 14:00:00,8.477455
"Chester, PA",2026-02-28 15:00:00,8.092862
"Chester, PA",2026-02-28 16:00:00,8.063665
"Chester, PA",2026-02-28 17:00:00,7.1880426
"Chester, PA",2026-02-28 18:00:00,5.781624
"Chester, PA",2026-02-28 19:00:00,6.312941
"Chester, PA",2026-02-28 20:00:00,7.0798364
"Chester, PA",2026-02-28 21:00:00,5.4890766
"Chester, PA",2026-02-28 22:00:00,6.754944
"Chester, PA",2026-02-28 23:00:00,5.978444
"Chester, PA",2026-03-01 00:00:00,6.090773
"Chester, PA",2026-03-01 01:00:00,5.1818066
"Chester, PA",2026-03-01 02:00:00,6.509697
"Chester, PA",2026-03-01 03:00:00,5.0975523
"Chester, PA",2026-03-01 04:00:00,5.0881157
"Chester, PA",2026-03-01 05:00:00,4.473019
"Chester, PA",2026-03-01 06:00:00,5.724333
"Chester, PA",2026-03-01 07:00:00,4.39217
"Chester, PA",2026-03-01 08:00:00,5.007891
"Chester, PA",2026-03-01 09:00:00,8.552809
"Chester, PA",2026-03-01 10:00:00,5.9278364
"Chester, PA",2026-03-01 11:00:00,9.5299225
"Chester, PA",2026-03-01 12:00:00,8.025171
"Chester, PA",2026-03-01 13:00:00,8.40597
"Chester, PA",2026-03-01 14:00:00,9.544305
"Chester, PA",2026-03-01 15:00:00,7.9563317
"Chester, PA",2026-03-01 16:00:00,8.795843
"Chester, PA",2026-03-01 17:00:00,8.167176
"Chester, PA",2026-03-01 18:00:00,7.3209443
"Chester, PA",2026-03-01 19:00:00,7.845494
"Chester, PA",2026-03-01 20:00:00,6.8756866
"Chester, PA",2026-03-01 21:00:00,8.834018
"Chester, PA",2026-03-01 22:00:00,6.075583
"Chester, PA",2026-03-01 23:00:00,7.3347387
"Chester, PA",2026-03-02 00:00:00,5.3500023
"Chester, PA",2026-03-02 01:00:00,6.7921066
"Chester, PA",2026-03-02 02:00:00,5.367448
"Chester, PA",2026-03-02 03:00:00,5.645392
"Chester, PA",2026-03-02 04:00:00,4.6351175
"Chester, PA",2026-03-02 05:00:00,5.395992
"Chester, PA",2026-03-02 06:00:00,6.1140175
"Chester, PA",2026-03-02 07:00:00,5.163211
"Chester, PA",2026-03-02 08:00:00,5.117712
"Chester, PA",2026-03-02 09:00:00,5.7338676
"Chester, PA",2026-03-02 10:00:00,8.160073
"Chester, PA",2026-03-02 11:00:00,7.3583255
"Chester, PA",2026-03-02 12:00:00,8.447013
"Chester, PA",2026-03-02 13:00:00,9.429852
"Chester, PA",2026-03-02 14:00:00,9.105001
"Chester, PA",2026-03-02 15:00:00,8.664086
"Chester, PA",2026-03-02 16:00:00,8.437935
"Chester, PA",2026-03-02 17:00:00,7.687175
"Chester, PA",2026-03-02 18:00:00,8.422652
"Chester, PA",2026-03-02 19:00:00,7.457563
"Chester, PA",2026-03-02 20:00:00,6.97189
"Chester, PA",2026-03-02 21:00:00,8.218382
"Chester, PA",2026-03-02 22:00:00,5.556623
"Chester, PA",2026-03-02 23:00:00,4.8098907
